ISO-10303-21;
HEADER;
/* Generated by software containing ST-Developer
 * from STEP Tools, Inc. (www.steptools.com) 
 */

FILE_DESCRIPTION(
/* description */ (''),
/* implementation_level */ '2;1');

FILE_NAME(
/* name */ 'CASE_bottoms.step',
/* time_stamp */ '2026-08-31T09:35:47+02:00',
/* author */ (''),
/* organization */ (''),
/* preprocessor_version */ 'ST-DEVELOPER v20.1',
/* originating_system */ 'Autodesk Translation Framework v15.8.0.0',
/* authorisation */ '');

FILE_SCHEMA (('AUTOMOTIVE_DESIGN { 1 0 10303 214 3 1 1 }'));
ENDSEC;

DATA;
#10=MECHANICAL_DESIGN_GEOMETRIC_PRESENTATION_REPRESENTATION('',(#13),#5070);
#11=SHAPE_REPRESENTATION_RELATIONSHIP('SRR','None',#5076,#12);
#12=ADVANCED_BREP_SHAPE_REPRESENTATION('',(#14),#5069);
#13=STYLED_ITEM('',(#5086),#14);
#14=MANIFOLD_SOLID_BREP('case_bottom',#3008);
#15=FACE_BOUND('',#331,.T.);
#16=FACE_BOUND('',#334,.T.);
#17=FACE_BOUND('',#335,.T.);
#18=FACE_BOUND('',#336,.T.);
#19=FACE_BOUND('',#337,.T.);
#20=FACE_BOUND('',#338,.T.);
#21=FACE_BOUND('',#345,.T.);
#22=FACE_BOUND('',#346,.T.);
#23=FACE_BOUND('',#347,.T.);
#24=FACE_BOUND('',#348,.T.);
#25=FACE_BOUND('',#349,.T.);
#26=FACE_BOUND('',#350,.T.);
#27=FACE_BOUND('',#351,.T.);
#28=FACE_BOUND('',#352,.T.);
#29=FACE_BOUND('',#353,.T.);
#30=FACE_BOUND('',#354,.T.);
#31=FACE_BOUND('',#355,.T.);
#32=FACE_BOUND('',#356,.T.);
#33=FACE_BOUND('',#357,.T.);
#34=FACE_BOUND('',#358,.T.);
#35=FACE_BOUND('',#431,.T.);
#36=FACE_BOUND('',#432,.T.);
#37=FACE_BOUND('',#433,.T.);
#38=FACE_BOUND('',#434,.T.);
#39=FACE_BOUND('',#435,.T.);
#40=FACE_BOUND('',#436,.T.);
#41=FACE_BOUND('',#437,.T.);
#42=FACE_BOUND('',#438,.T.);
#43=FACE_BOUND('',#439,.T.);
#44=FACE_BOUND('',#443,.T.);
#45=FACE_BOUND('',#499,.T.);
#46=FACE_BOUND('',#500,.T.);
#47=FACE_BOUND('',#501,.T.);
#48=FACE_BOUND('',#502,.T.);
#49=FACE_BOUND('',#503,.T.);
#50=FACE_BOUND('',#504,.T.);
#51=FACE_BOUND('',#505,.T.);
#52=FACE_BOUND('',#506,.T.);
#53=FACE_BOUND('',#507,.T.);
#54=FACE_BOUND('',#508,.T.);
#55=FACE_BOUND('',#509,.T.);
#56=FACE_BOUND('',#510,.T.);
#57=FACE_BOUND('',#511,.T.);
#58=FACE_BOUND('',#512,.T.);
#59=FACE_BOUND('',#514,.T.);
#60=FACE_BOUND('',#516,.T.);
#61=FACE_BOUND('',#517,.T.);
#62=FACE_BOUND('',#518,.T.);
#63=FACE_BOUND('',#519,.T.);
#64=FACE_BOUND('',#520,.T.);
#65=FACE_BOUND('',#522,.T.);
#66=CONICAL_SURFACE('',#3020,0.999999999999998,0.78539816339745);
#67=CONICAL_SURFACE('',#3024,1.,0.785398163397445);
#68=CONICAL_SURFACE('',#3028,0.999999999999995,0.785398163397453);
#69=CONICAL_SURFACE('',#3032,0.999999999999991,0.785398163397456);
#70=CONICAL_SURFACE('',#3036,1.,0.785398163397448);
#71=ELLIPSE('',#3015,3.67695526217006,2.6);
#72=ELLIPSE('',#3017,3.67695526217006,2.6);
#73=PLANE('',#3013);
#74=PLANE('',#3018);
#75=PLANE('',#3019);
#76=PLANE('',#3023);
#77=PLANE('',#3027);
#78=PLANE('',#3031);
#79=PLANE('',#3035);
#80=PLANE('',#3039);
#81=PLANE('',#3042);
#82=PLANE('',#3049);
#83=PLANE('',#3057);
#84=PLANE('',#3058);
#85=PLANE('',#3061);
#86=PLANE('',#3062);
#87=PLANE('',#3096);
#88=PLANE('',#3099);
#89=PLANE('',#3100);
#90=PLANE('',#3103);
#91=PLANE('',#3106);
#92=PLANE('',#3109);
#93=PLANE('',#3112);
#94=PLANE('',#3115);
#95=PLANE('',#3118);
#96=PLANE('',#3121);
#97=PLANE('',#3126);
#98=PLANE('',#3129);
#99=PLANE('',#3130);
#100=PLANE('',#3133);
#101=PLANE('',#3136);
#102=PLANE('',#3139);
#103=PLANE('',#3142);
#104=PLANE('',#3145);
#105=PLANE('',#3148);
#106=PLANE('',#3151);
#107=PLANE('',#3154);
#108=PLANE('',#3157);
#109=PLANE('',#3162);
#110=PLANE('',#3165);
#111=PLANE('',#3176);
#112=PLANE('',#3179);
#113=PLANE('',#3182);
#114=PLANE('',#3185);
#115=PLANE('',#3188);
#116=PLANE('',#3191);
#117=PLANE('',#3194);
#118=PLANE('',#3197);
#119=PLANE('',#3202);
#120=PLANE('',#3232);
#121=PLANE('',#3233);
#122=PLANE('',#3234);
#123=PLANE('',#3237);
#124=PLANE('',#3240);
#125=PLANE('',#3243);
#126=PLANE('',#3246);
#127=PLANE('',#3247);
#128=PLANE('',#3250);
#129=PLANE('',#3253);
#130=PLANE('',#3256);
#131=PLANE('',#3259);
#132=PLANE('',#3260);
#133=PLANE('',#3263);
#134=PLANE('',#3266);
#135=PLANE('',#3269);
#136=PLANE('',#3272);
#137=PLANE('',#3273);
#138=PLANE('',#3276);
#139=PLANE('',#3279);
#140=PLANE('',#3282);
#141=PLANE('',#3285);
#142=PLANE('',#3288);
#143=PLANE('',#3289);
#144=PLANE('',#3292);
#145=PLANE('',#3295);
#146=PLANE('',#3298);
#147=PLANE('',#3301);
#148=PLANE('',#3304);
#149=PLANE('',#3307);
#150=PLANE('',#3308);
#151=PLANE('',#3309);
#152=PLANE('',#3310);
#153=PLANE('',#3311);
#154=PLANE('',#3312);
#155=PLANE('',#3313);
#156=FACE_OUTER_BOUND('',#314,.T.);
#157=FACE_OUTER_BOUND('',#315,.T.);
#158=FACE_OUTER_BOUND('',#316,.T.);
#159=FACE_OUTER_BOUND('',#317,.T.);
#160=FACE_OUTER_BOUND('',#318,.T.);
#161=FACE_OUTER_BOUND('',#319,.T.);
#162=FACE_OUTER_BOUND('',#320,.T.);
#163=FACE_OUTER_BOUND('',#321,.T.);
#164=FACE_OUTER_BOUND('',#322,.T.);
#165=FACE_OUTER_BOUND('',#323,.T.);
#166=FACE_OUTER_BOUND('',#324,.T.);
#167=FACE_OUTER_BOUND('',#325,.T.);
#168=FACE_OUTER_BOUND('',#326,.T.);
#169=FACE_OUTER_BOUND('',#327,.T.);
#170=FACE_OUTER_BOUND('',#328,.T.);
#171=FACE_OUTER_BOUND('',#329,.T.);
#172=FACE_OUTER_BOUND('',#330,.T.);
#173=FACE_OUTER_BOUND('',#332,.T.);
#174=FACE_OUTER_BOUND('',#333,.T.);
#175=FACE_OUTER_BOUND('',#339,.T.);
#176=FACE_OUTER_BOUND('',#340,.T.);
#177=FACE_OUTER_BOUND('',#341,.T.);
#178=FACE_OUTER_BOUND('',#342,.T.);
#179=FACE_OUTER_BOUND('',#343,.T.);
#180=FACE_OUTER_BOUND('',#344,.T.);
#181=FACE_OUTER_BOUND('',#359,.T.);
#182=FACE_OUTER_BOUND('',#360,.T.);
#183=FACE_OUTER_BOUND('',#361,.T.);
#184=FACE_OUTER_BOUND('',#362,.T.);
#185=FACE_OUTER_BOUND('',#363,.T.);
#186=FACE_OUTER_BOUND('',#364,.T.);
#187=FACE_OUTER_BOUND('',#365,.T.);
#188=FACE_OUTER_BOUND('',#366,.T.);
#189=FACE_OUTER_BOUND('',#367,.T.);
#190=FACE_OUTER_BOUND('',#368,.T.);
#191=FACE_OUTER_BOUND('',#369,.T.);
#192=FACE_OUTER_BOUND('',#370,.T.);
#193=FACE_OUTER_BOUND('',#371,.T.);
#194=FACE_OUTER_BOUND('',#372,.T.);
#195=FACE_OUTER_BOUND('',#373,.T.);
#196=FACE_OUTER_BOUND('',#374,.T.);
#197=FACE_OUTER_BOUND('',#375,.T.);
#198=FACE_OUTER_BOUND('',#376,.T.);
#199=FACE_OUTER_BOUND('',#377,.T.);
#200=FACE_OUTER_BOUND('',#378,.T.);
#201=FACE_OUTER_BOUND('',#379,.T.);
#202=FACE_OUTER_BOUND('',#380,.T.);
#203=FACE_OUTER_BOUND('',#381,.T.);
#204=FACE_OUTER_BOUND('',#382,.T.);
#205=FACE_OUTER_BOUND('',#383,.T.);
#206=FACE_OUTER_BOUND('',#384,.T.);
#207=FACE_OUTER_BOUND('',#385,.T.);
#208=FACE_OUTER_BOUND('',#386,.T.);
#209=FACE_OUTER_BOUND('',#387,.T.);
#210=FACE_OUTER_BOUND('',#388,.T.);
#211=FACE_OUTER_BOUND('',#389,.T.);
#212=FACE_OUTER_BOUND('',#390,.T.);
#213=FACE_OUTER_BOUND('',#391,.T.);
#214=FACE_OUTER_BOUND('',#392,.T.);
#215=FACE_OUTER_BOUND('',#393,.T.);
#216=FACE_OUTER_BOUND('',#394,.T.);
#217=FACE_OUTER_BOUND('',#395,.T.);
#218=FACE_OUTER_BOUND('',#396,.T.);
#219=FACE_OUTER_BOUND('',#397,.T.);
#220=FACE_OUTER_BOUND('',#398,.T.);
#221=FACE_OUTER_BOUND('',#399,.T.);
#222=FACE_OUTER_BOUND('',#400,.T.);
#223=FACE_OUTER_BOUND('',#401,.T.);
#224=FACE_OUTER_BOUND('',#402,.T.);
#225=FACE_OUTER_BOUND('',#403,.T.);
#226=FACE_OUTER_BOUND('',#404,.T.);
#227=FACE_OUTER_BOUND('',#405,.T.);
#228=FACE_OUTER_BOUND('',#406,.T.);
#229=FACE_OUTER_BOUND('',#407,.T.);
#230=FACE_OUTER_BOUND('',#408,.T.);
#231=FACE_OUTER_BOUND('',#409,.T.);
#232=FACE_OUTER_BOUND('',#410,.T.);
#233=FACE_OUTER_BOUND('',#411,.T.);
#234=FACE_OUTER_BOUND('',#412,.T.);
#235=FACE_OUTER_BOUND('',#413,.T.);
#236=FACE_OUTER_BOUND('',#414,.T.);
#237=FACE_OUTER_BOUND('',#415,.T.);
#238=FACE_OUTER_BOUND('',#416,.T.);
#239=FACE_OUTER_BOUND('',#417,.T.);
#240=FACE_OUTER_BOUND('',#418,.T.);
#241=FACE_OUTER_BOUND('',#419,.T.);
#242=FACE_OUTER_BOUND('',#420,.T.);
#243=FACE_OUTER_BOUND('',#421,.T.);
#244=FACE_OUTER_BOUND('',#422,.T.);
#245=FACE_OUTER_BOUND('',#423,.T.);
#246=FACE_OUTER_BOUND('',#424,.T.);
#247=FACE_OUTER_BOUND('',#425,.T.);
#248=FACE_OUTER_BOUND('',#426,.T.);
#249=FACE_OUTER_BOUND('',#427,.T.);
#250=FACE_OUTER_BOUND('',#428,.T.);
#251=FACE_OUTER_BOUND('',#429,.T.);
#252=FACE_OUTER_BOUND('',#430,.T.);
#253=FACE_OUTER_BOUND('',#440,.T.);
#254=FACE_OUTER_BOUND('',#441,.T.);
#255=FACE_OUTER_BOUND('',#442,.T.);
#256=FACE_OUTER_BOUND('',#444,.T.);
#257=FACE_OUTER_BOUND('',#445,.T.);
#258=FACE_OUTER_BOUND('',#446,.T.);
#259=FACE_OUTER_BOUND('',#447,.T.);
#260=FACE_OUTER_BOUND('',#448,.T.);
#261=FACE_OUTER_BOUND('',#449,.T.);
#262=FACE_OUTER_BOUND('',#450,.T.);
#263=FACE_OUTER_BOUND('',#451,.T.);
#264=FACE_OUTER_BOUND('',#452,.T.);
#265=FACE_OUTER_BOUND('',#453,.T.);
#266=FACE_OUTER_BOUND('',#454,.T.);
#267=FACE_OUTER_BOUND('',#455,.T.);
#268=FACE_OUTER_BOUND('',#456,.T.);
#269=FACE_OUTER_BOUND('',#457,.T.);
#270=FACE_OUTER_BOUND('',#458,.T.);
#271=FACE_OUTER_BOUND('',#459,.T.);
#272=FACE_OUTER_BOUND('',#460,.T.);
#273=FACE_OUTER_BOUND('',#461,.T.);
#274=FACE_OUTER_BOUND('',#462,.T.);
#275=FACE_OUTER_BOUND('',#463,.T.);
#276=FACE_OUTER_BOUND('',#464,.T.);
#277=FACE_OUTER_BOUND('',#465,.T.);
#278=FACE_OUTER_BOUND('',#466,.T.);
#279=FACE_OUTER_BOUND('',#467,.T.);
#280=FACE_OUTER_BOUND('',#468,.T.);
#281=FACE_OUTER_BOUND('',#469,.T.);
#282=FACE_OUTER_BOUND('',#470,.T.);
#283=FACE_OUTER_BOUND('',#471,.T.);
#284=FACE_OUTER_BOUND('',#472,.T.);
#285=FACE_OUTER_BOUND('',#473,.T.);
#286=FACE_OUTER_BOUND('',#474,.T.);
#287=FACE_OUTER_BOUND('',#475,.T.);
#288=FACE_OUTER_BOUND('',#476,.T.);
#289=FACE_OUTER_BOUND('',#477,.T.);
#290=FACE_OUTER_BOUND('',#478,.T.);
#291=FACE_OUTER_BOUND('',#479,.T.);
#292=FACE_OUTER_BOUND('',#480,.T.);
#293=FACE_OUTER_BOUND('',#481,.T.);
#294=FACE_OUTER_BOUND('',#482,.T.);
#295=FACE_OUTER_BOUND('',#483,.T.);
#296=FACE_OUTER_BOUND('',#484,.T.);
#297=FACE_OUTER_BOUND('',#485,.T.);
#298=FACE_OUTER_BOUND('',#486,.T.);
#299=FACE_OUTER_BOUND('',#487,.T.);
#300=FACE_OUTER_BOUND('',#488,.T.);
#301=FACE_OUTER_BOUND('',#489,.T.);
#302=FACE_OUTER_BOUND('',#490,.T.);
#303=FACE_OUTER_BOUND('',#491,.T.);
#304=FACE_OUTER_BOUND('',#492,.T.);
#305=FACE_OUTER_BOUND('',#493,.T.);
#306=FACE_OUTER_BOUND('',#494,.T.);
#307=FACE_OUTER_BOUND('',#495,.T.);
#308=FACE_OUTER_BOUND('',#496,.T.);
#309=FACE_OUTER_BOUND('',#497,.T.);
#310=FACE_OUTER_BOUND('',#498,.T.);
#311=FACE_OUTER_BOUND('',#513,.T.);
#312=FACE_OUTER_BOUND('',#515,.T.);
#313=FACE_OUTER_BOUND('',#521,.T.);
#314=EDGE_LOOP('',(#1930,#1931,#1932,#1933));
#315=EDGE_LOOP('',(#1934,#1935,#1936,#1937));
#316=EDGE_LOOP('',(#1938,#1939,#1940,#1941,#1942));
#317=EDGE_LOOP('',(#1943,#1944,#1945,#1946));
#318=EDGE_LOOP('',(#1947,#1948,#1949,#1950,#1951));
#319=EDGE_LOOP('',(#1952,#1953,#1954,#1955));
#320=EDGE_LOOP('',(#1956,#1957,#1958,#1959));
#321=EDGE_LOOP('',(#1960,#1961,#1962,#1963));
#322=EDGE_LOOP('',(#1964,#1965,#1966,#1967));
#323=EDGE_LOOP('',(#1968,#1969,#1970,#1971));
#324=EDGE_LOOP('',(#1972,#1973,#1974,#1975));
#325=EDGE_LOOP('',(#1976,#1977,#1978,#1979));
#326=EDGE_LOOP('',(#1980,#1981,#1982,#1983));
#327=EDGE_LOOP('',(#1984,#1985,#1986,#1987));
#328=EDGE_LOOP('',(#1988,#1989,#1990,#1991,#1992));
#329=EDGE_LOOP('',(#1993,#1994,#1995,#1996));
#330=EDGE_LOOP('',(#1997,#1998,#1999,#2000));
#331=EDGE_LOOP('',(#2001,#2002,#2003,#2004,#2005,#2006,#2007,#2008));
#332=EDGE_LOOP('',(#2009,#2010,#2011,#2012));
#333=EDGE_LOOP('',(#2013,#2014,#2015,#2016));
#334=EDGE_LOOP('',(#2017));
#335=EDGE_LOOP('',(#2018));
#336=EDGE_LOOP('',(#2019));
#337=EDGE_LOOP('',(#2020));
#338=EDGE_LOOP('',(#2021));
#339=EDGE_LOOP('',(#2022,#2023,#2024,#2025));
#340=EDGE_LOOP('',(#2026,#2027,#2028,#2029));
#341=EDGE_LOOP('',(#2030,#2031,#2032,#2033,#2034,#2035,#2036,#2037,#2038,
#2039,#2040));
#342=EDGE_LOOP('',(#2041,#2042,#2043,#2044));
#343=EDGE_LOOP('',(#2045,#2046,#2047,#2048));
#344=EDGE_LOOP('',(#2049,#2050,#2051,#2052));
#345=EDGE_LOOP('',(#2053));
#346=EDGE_LOOP('',(#2054,#2055,#2056,#2057,#2058,#2059,#2060,#2061));
#347=EDGE_LOOP('',(#2062,#2063,#2064,#2065));
#348=EDGE_LOOP('',(#2066,#2067,#2068,#2069));
#349=EDGE_LOOP('',(#2070,#2071,#2072,#2073));
#350=EDGE_LOOP('',(#2074,#2075,#2076,#2077));
#351=EDGE_LOOP('',(#2078,#2079,#2080,#2081));
#352=EDGE_LOOP('',(#2082,#2083,#2084,#2085));
#353=EDGE_LOOP('',(#2086,#2087,#2088,#2089));
#354=EDGE_LOOP('',(#2090,#2091,#2092,#2093));
#355=EDGE_LOOP('',(#2094,#2095,#2096,#2097));
#356=EDGE_LOOP('',(#2098,#2099,#2100,#2101));
#357=EDGE_LOOP('',(#2102,#2103,#2104,#2105));
#358=EDGE_LOOP('',(#2106,#2107,#2108,#2109));
#359=EDGE_LOOP('',(#2110,#2111,#2112,#2113));
#360=EDGE_LOOP('',(#2114,#2115,#2116,#2117));
#361=EDGE_LOOP('',(#2118,#2119,#2120,#2121));
#362=EDGE_LOOP('',(#2122,#2123,#2124,#2125));
#363=EDGE_LOOP('',(#2126,#2127,#2128,#2129));
#364=EDGE_LOOP('',(#2130,#2131,#2132,#2133));
#365=EDGE_LOOP('',(#2134,#2135,#2136,#2137));
#366=EDGE_LOOP('',(#2138,#2139,#2140,#2141));
#367=EDGE_LOOP('',(#2142,#2143,#2144,#2145));
#368=EDGE_LOOP('',(#2146,#2147,#2148,#2149));
#369=EDGE_LOOP('',(#2150,#2151,#2152,#2153));
#370=EDGE_LOOP('',(#2154,#2155,#2156,#2157));
#371=EDGE_LOOP('',(#2158,#2159,#2160,#2161));
#372=EDGE_LOOP('',(#2162,#2163,#2164,#2165));
#373=EDGE_LOOP('',(#2166,#2167,#2168,#2169));
#374=EDGE_LOOP('',(#2170,#2171,#2172,#2173));
#375=EDGE_LOOP('',(#2174,#2175,#2176,#2177));
#376=EDGE_LOOP('',(#2178,#2179,#2180,#2181));
#377=EDGE_LOOP('',(#2182,#2183,#2184,#2185));
#378=EDGE_LOOP('',(#2186,#2187,#2188,#2189));
#379=EDGE_LOOP('',(#2190,#2191,#2192,#2193));
#380=EDGE_LOOP('',(#2194,#2195,#2196,#2197));
#381=EDGE_LOOP('',(#2198,#2199,#2200,#2201));
#382=EDGE_LOOP('',(#2202,#2203,#2204,#2205));
#383=EDGE_LOOP('',(#2206,#2207,#2208,#2209));
#384=EDGE_LOOP('',(#2210,#2211,#2212,#2213));
#385=EDGE_LOOP('',(#2214,#2215,#2216,#2217));
#386=EDGE_LOOP('',(#2218,#2219,#2220,#2221));
#387=EDGE_LOOP('',(#2222,#2223,#2224,#2225));
#388=EDGE_LOOP('',(#2226,#2227,#2228,#2229));
#389=EDGE_LOOP('',(#2230,#2231,#2232,#2233));
#390=EDGE_LOOP('',(#2234,#2235,#2236,#2237));
#391=EDGE_LOOP('',(#2238,#2239,#2240,#2241));
#392=EDGE_LOOP('',(#2242,#2243,#2244,#2245));
#393=EDGE_LOOP('',(#2246,#2247,#2248,#2249));
#394=EDGE_LOOP('',(#2250,#2251,#2252,#2253));
#395=EDGE_LOOP('',(#2254,#2255,#2256,#2257));
#396=EDGE_LOOP('',(#2258,#2259,#2260,#2261));
#397=EDGE_LOOP('',(#2262,#2263,#2264,#2265));
#398=EDGE_LOOP('',(#2266,#2267,#2268,#2269));
#399=EDGE_LOOP('',(#2270,#2271,#2272,#2273));
#400=EDGE_LOOP('',(#2274,#2275,#2276,#2277));
#401=EDGE_LOOP('',(#2278,#2279,#2280,#2281));
#402=EDGE_LOOP('',(#2282,#2283,#2284,#2285));
#403=EDGE_LOOP('',(#2286,#2287,#2288,#2289));
#404=EDGE_LOOP('',(#2290,#2291,#2292,#2293));
#405=EDGE_LOOP('',(#2294,#2295,#2296,#2297));
#406=EDGE_LOOP('',(#2298,#2299,#2300,#2301));
#407=EDGE_LOOP('',(#2302,#2303,#2304,#2305));
#408=EDGE_LOOP('',(#2306,#2307,#2308,#2309));
#409=EDGE_LOOP('',(#2310,#2311,#2312,#2313));
#410=EDGE_LOOP('',(#2314,#2315,#2316,#2317));
#411=EDGE_LOOP('',(#2318,#2319,#2320,#2321));
#412=EDGE_LOOP('',(#2322,#2323,#2324,#2325));
#413=EDGE_LOOP('',(#2326,#2327,#2328,#2329));
#414=EDGE_LOOP('',(#2330,#2331,#2332,#2333));
#415=EDGE_LOOP('',(#2334,#2335,#2336,#2337));
#416=EDGE_LOOP('',(#2338,#2339,#2340,#2341));
#417=EDGE_LOOP('',(#2342,#2343,#2344,#2345));
#418=EDGE_LOOP('',(#2346,#2347,#2348,#2349));
#419=EDGE_LOOP('',(#2350,#2351,#2352,#2353));
#420=EDGE_LOOP('',(#2354,#2355,#2356,#2357));
#421=EDGE_LOOP('',(#2358,#2359,#2360,#2361));
#422=EDGE_LOOP('',(#2362,#2363,#2364,#2365));
#423=EDGE_LOOP('',(#2366,#2367,#2368,#2369));
#424=EDGE_LOOP('',(#2370,#2371,#2372,#2373));
#425=EDGE_LOOP('',(#2374,#2375,#2376,#2377));
#426=EDGE_LOOP('',(#2378,#2379,#2380,#2381));
#427=EDGE_LOOP('',(#2382,#2383,#2384,#2385));
#428=EDGE_LOOP('',(#2386,#2387,#2388,#2389));
#429=EDGE_LOOP('',(#2390,#2391,#2392,#2393));
#430=EDGE_LOOP('',(#2394,#2395,#2396,#2397,#2398,#2399,#2400));
#431=EDGE_LOOP('',(#2401));
#432=EDGE_LOOP('',(#2402));
#433=EDGE_LOOP('',(#2403));
#434=EDGE_LOOP('',(#2404,#2405,#2406,#2407,#2408,#2409,#2410,#2411));
#435=EDGE_LOOP('',(#2412));
#436=EDGE_LOOP('',(#2413,#2414,#2415,#2416,#2417,#2418,#2419,#2420));
#437=EDGE_LOOP('',(#2421,#2422,#2423,#2424,#2425,#2426,#2427,#2428));
#438=EDGE_LOOP('',(#2429,#2430,#2431,#2432,#2433,#2434,#2435,#2436));
#439=EDGE_LOOP('',(#2437,#2438,#2439,#2440,#2441,#2442,#2443,#2444));
#440=EDGE_LOOP('',(#2445,#2446,#2447,#2448));
#441=EDGE_LOOP('',(#2449,#2450,#2451,#2452));
#442=EDGE_LOOP('',(#2453));
#443=EDGE_LOOP('',(#2454));
#444=EDGE_LOOP('',(#2455));
#445=EDGE_LOOP('',(#2456,#2457,#2458,#2459));
#446=EDGE_LOOP('',(#2460,#2461,#2462,#2463));
#447=EDGE_LOOP('',(#2464,#2465,#2466,#2467));
#448=EDGE_LOOP('',(#2468,#2469,#2470,#2471));
#449=EDGE_LOOP('',(#2472,#2473,#2474,#2475));
#450=EDGE_LOOP('',(#2476,#2477,#2478,#2479));
#451=EDGE_LOOP('',(#2480,#2481,#2482,#2483));
#452=EDGE_LOOP('',(#2484,#2485,#2486,#2487));
#453=EDGE_LOOP('',(#2488,#2489,#2490,#2491,#2492,#2493,#2494,#2495));
#454=EDGE_LOOP('',(#2496,#2497,#2498,#2499));
#455=EDGE_LOOP('',(#2500,#2501,#2502,#2503));
#456=EDGE_LOOP('',(#2504,#2505,#2506,#2507));
#457=EDGE_LOOP('',(#2508,#2509,#2510,#2511));
#458=EDGE_LOOP('',(#2512,#2513,#2514,#2515));
#459=EDGE_LOOP('',(#2516,#2517,#2518,#2519));
#460=EDGE_LOOP('',(#2520,#2521,#2522,#2523));
#461=EDGE_LOOP('',(#2524,#2525,#2526,#2527));
#462=EDGE_LOOP('',(#2528,#2529,#2530,#2531,#2532,#2533,#2534,#2535));
#463=EDGE_LOOP('',(#2536,#2537,#2538,#2539));
#464=EDGE_LOOP('',(#2540,#2541,#2542,#2543));
#465=EDGE_LOOP('',(#2544,#2545,#2546,#2547));
#466=EDGE_LOOP('',(#2548,#2549,#2550,#2551));
#467=EDGE_LOOP('',(#2552,#2553,#2554,#2555));
#468=EDGE_LOOP('',(#2556,#2557,#2558,#2559));
#469=EDGE_LOOP('',(#2560,#2561,#2562,#2563));
#470=EDGE_LOOP('',(#2564,#2565,#2566,#2567));
#471=EDGE_LOOP('',(#2568,#2569,#2570,#2571,#2572,#2573,#2574,#2575));
#472=EDGE_LOOP('',(#2576,#2577,#2578,#2579));
#473=EDGE_LOOP('',(#2580,#2581,#2582,#2583));
#474=EDGE_LOOP('',(#2584,#2585,#2586,#2587));
#475=EDGE_LOOP('',(#2588,#2589,#2590,#2591));
#476=EDGE_LOOP('',(#2592,#2593,#2594,#2595));
#477=EDGE_LOOP('',(#2596,#2597,#2598,#2599));
#478=EDGE_LOOP('',(#2600,#2601,#2602,#2603));
#479=EDGE_LOOP('',(#2604,#2605,#2606,#2607));
#480=EDGE_LOOP('',(#2608,#2609,#2610,#2611,#2612,#2613,#2614,#2615));
#481=EDGE_LOOP('',(#2616,#2617,#2618,#2619));
#482=EDGE_LOOP('',(#2620));
#483=EDGE_LOOP('',(#2621,#2622,#2623,#2624));
#484=EDGE_LOOP('',(#2625,#2626,#2627,#2628));
#485=EDGE_LOOP('',(#2629,#2630,#2631,#2632));
#486=EDGE_LOOP('',(#2633,#2634,#2635,#2636));
#487=EDGE_LOOP('',(#2637,#2638,#2639,#2640));
#488=EDGE_LOOP('',(#2641,#2642,#2643,#2644));
#489=EDGE_LOOP('',(#2645,#2646,#2647,#2648));
#490=EDGE_LOOP('',(#2649,#2650,#2651,#2652));
#491=EDGE_LOOP('',(#2653,#2654,#2655,#2656,#2657,#2658,#2659,#2660));
#492=EDGE_LOOP('',(#2661,#2662,#2663,#2664));
#493=EDGE_LOOP('',(#2665));
#494=EDGE_LOOP('',(#2666,#2667,#2668,#2669));
#495=EDGE_LOOP('',(#2670));
#496=EDGE_LOOP('',(#2671,#2672,#2673,#2674));
#497=EDGE_LOOP('',(#2675,#2676,#2677,#2678));
#498=EDGE_LOOP('',(#2679,#2680,#2681,#2682));
#499=EDGE_LOOP('',(#2683));
#500=EDGE_LOOP('',(#2684,#2685,#2686,#2687,#2688,#2689,#2690,#2691));
#501=EDGE_LOOP('',(#2692,#2693,#2694,#2695));
#502=EDGE_LOOP('',(#2696,#2697,#2698,#2699));
#503=EDGE_LOOP('',(#2700,#2701,#2702,#2703));
#504=EDGE_LOOP('',(#2704,#2705,#2706,#2707));
#505=EDGE_LOOP('',(#2708,#2709,#2710,#2711));
#506=EDGE_LOOP('',(#2712,#2713,#2714,#2715));
#507=EDGE_LOOP('',(#2716,#2717,#2718,#2719));
#508=EDGE_LOOP('',(#2720,#2721,#2722,#2723));
#509=EDGE_LOOP('',(#2724,#2725,#2726,#2727));
#510=EDGE_LOOP('',(#2728,#2729,#2730,#2731));
#511=EDGE_LOOP('',(#2732,#2733,#2734,#2735));
#512=EDGE_LOOP('',(#2736,#2737,#2738,#2739));
#513=EDGE_LOOP('',(#2740,#2741,#2742,#2743));
#514=EDGE_LOOP('',(#2744,#2745,#2746,#2747,#2748,#2749,#2750,#2751));
#515=EDGE_LOOP('',(#2752,#2753,#2754,#2755));
#516=EDGE_LOOP('',(#2756));
#517=EDGE_LOOP('',(#2757));
#518=EDGE_LOOP('',(#2758));
#519=EDGE_LOOP('',(#2759));
#520=EDGE_LOOP('',(#2760));
#521=EDGE_LOOP('',(#2761,#2762,#2763,#2764,#2765,#2766,#2767,#2768,#2769,
#2770,#2771,#2772));
#522=EDGE_LOOP('',(#2773,#2774,#2775,#2776,#2777,#2778,#2779));
#523=LINE('',#4209,#802);
#524=LINE('',#4212,#803);
#525=LINE('',#4215,#804);
#526=LINE('',#4217,#805);
#527=LINE('',#4218,#806);
#528=LINE('',#4224,#807);
#529=LINE('',#4228,#808);
#530=LINE('',#4232,#809);
#531=LINE('',#4234,#810);
#532=LINE('',#4235,#811);
#533=LINE('',#4238,#812);
#534=LINE('',#4240,#813);
#535=LINE('',#4242,#814);
#536=LINE('',#4243,#815);
#537=LINE('',#4248,#816);
#538=LINE('',#4253,#817);
#539=LINE('',#4254,#818);
#540=LINE('',#4255,#819);
#541=LINE('',#4260,#820);
#542=LINE('',#4265,#821);
#543=LINE('',#4266,#822);
#544=LINE('',#4267,#823);
#545=LINE('',#4272,#824);
#546=LINE('',#4277,#825);
#547=LINE('',#4278,#826);
#548=LINE('',#4279,#827);
#549=LINE('',#4284,#828);
#550=LINE('',#4289,#829);
#551=LINE('',#4290,#830);
#552=LINE('',#4291,#831);
#553=LINE('',#4295,#832);
#554=LINE('',#4298,#833);
#555=LINE('',#4301,#834);
#556=LINE('',#4304,#835);
#557=LINE('',#4307,#836);
#558=LINE('',#4308,#837);
#559=LINE('',#4311,#838);
#560=LINE('',#4315,#839);
#561=LINE('',#4319,#840);
#562=LINE('',#4323,#841);
#563=LINE('',#4327,#842);
#564=LINE('',#4331,#843);
#565=LINE('',#4332,#844);
#566=LINE('',#4345,#845);
#567=LINE('',#4348,#846);
#568=LINE('',#4352,#847);
#569=LINE('',#4356,#848);
#570=LINE('',#4357,#849);
#571=LINE('',#4360,#850);
#572=LINE('',#4361,#851);
#573=LINE('',#4366,#852);
#574=LINE('',#4370,#853);
#575=LINE('',#4374,#854);
#576=LINE('',#4378,#855);
#577=LINE('',#4384,#856);
#578=LINE('',#4387,#857);
#579=LINE('',#4390,#858);
#580=LINE('',#4394,#859);
#581=LINE('',#4398,#860);
#582=LINE('',#4402,#861);
#583=LINE('',#4406,#862);
#584=LINE('',#4410,#863);
#585=LINE('',#4414,#864);
#586=LINE('',#4418,#865);
#587=LINE('',#4422,#866);
#588=LINE('',#4426,#867);
#589=LINE('',#4432,#868);
#590=LINE('',#4435,#869);
#591=LINE('',#4438,#870);
#592=LINE('',#4442,#871);
#593=LINE('',#4446,#872);
#594=LINE('',#4450,#873);
#595=LINE('',#4454,#874);
#596=LINE('',#4458,#875);
#597=LINE('',#4462,#876);
#598=LINE('',#4466,#877);
#599=LINE('',#4472,#878);
#600=LINE('',#4475,#879);
#601=LINE('',#4482,#880);
#602=LINE('',#4483,#881);
#603=LINE('',#4486,#882);
#604=LINE('',#4487,#883);
#605=LINE('',#4491,#884);
#606=LINE('',#4493,#885);
#607=LINE('',#4497,#886);
#608=LINE('',#4498,#887);
#609=LINE('',#4499,#888);
#610=LINE('',#4503,#889);
#611=LINE('',#4506,#890);
#612=LINE('',#4507,#891);
#613=LINE('',#4513,#892);
#614=LINE('',#4514,#893);
#615=LINE('',#4515,#894);
#616=LINE('',#4519,#895);
#617=LINE('',#4522,#896);
#618=LINE('',#4523,#897);
#619=LINE('',#4529,#898);
#620=LINE('',#4530,#899);
#621=LINE('',#4531,#900);
#622=LINE('',#4535,#901);
#623=LINE('',#4538,#902);
#624=LINE('',#4539,#903);
#625=LINE('',#4545,#904);
#626=LINE('',#4546,#905);
#627=LINE('',#4547,#906);
#628=LINE('',#4551,#907);
#629=LINE('',#4554,#908);
#630=LINE('',#4555,#909);
#631=LINE('',#4562,#910);
#632=LINE('',#4563,#911);
#633=LINE('',#4566,#912);
#634=LINE('',#4567,#913);
#635=LINE('',#4571,#914);
#636=LINE('',#4573,#915);
#637=LINE('',#4577,#916);
#638=LINE('',#4578,#917);
#639=LINE('',#4579,#918);
#640=LINE('',#4583,#919);
#641=LINE('',#4586,#920);
#642=LINE('',#4587,#921);
#643=LINE('',#4593,#922);
#644=LINE('',#4594,#923);
#645=LINE('',#4595,#924);
#646=LINE('',#4599,#925);
#647=LINE('',#4602,#926);
#648=LINE('',#4603,#927);
#649=LINE('',#4609,#928);
#650=LINE('',#4610,#929);
#651=LINE('',#4611,#930);
#652=LINE('',#4615,#931);
#653=LINE('',#4618,#932);
#654=LINE('',#4619,#933);
#655=LINE('',#4625,#934);
#656=LINE('',#4626,#935);
#657=LINE('',#4627,#936);
#658=LINE('',#4631,#937);
#659=LINE('',#4634,#938);
#660=LINE('',#4635,#939);
#661=LINE('',#4641,#940);
#662=LINE('',#4642,#941);
#663=LINE('',#4643,#942);
#664=LINE('',#4647,#943);
#665=LINE('',#4650,#944);
#666=LINE('',#4651,#945);
#667=LINE('',#4658,#946);
#668=LINE('',#4659,#947);
#669=LINE('',#4662,#948);
#670=LINE('',#4663,#949);
#671=LINE('',#4667,#950);
#672=LINE('',#4669,#951);
#673=LINE('',#4672,#952);
#674=LINE('',#4676,#953);
#675=LINE('',#4680,#954);
#676=LINE('',#4684,#955);
#677=LINE('',#4688,#956);
#678=LINE('',#4693,#957);
#679=LINE('',#4694,#958);
#680=LINE('',#4695,#959);
#681=LINE('',#4699,#960);
#682=LINE('',#4702,#961);
#683=LINE('',#4703,#962);
#684=LINE('',#4707,#963);
#685=LINE('',#4710,#964);
#686=LINE('',#4711,#965);
#687=LINE('',#4715,#966);
#688=LINE('',#4718,#967);
#689=LINE('',#4719,#968);
#690=LINE('',#4725,#969);
#691=LINE('',#4726,#970);
#692=LINE('',#4727,#971);
#693=LINE('',#4731,#972);
#694=LINE('',#4734,#973);
#695=LINE('',#4735,#974);
#696=LINE('',#4739,#975);
#697=LINE('',#4742,#976);
#698=LINE('',#4743,#977);
#699=LINE('',#4747,#978);
#700=LINE('',#4750,#979);
#701=LINE('',#4751,#980);
#702=LINE('',#4756,#981);
#703=LINE('',#4760,#982);
#704=LINE('',#4762,#983);
#705=LINE('',#4764,#984);
#706=LINE('',#4766,#985);
#707=LINE('',#4767,#986);
#708=LINE('',#4776,#987);
#709=LINE('',#4780,#988);
#710=LINE('',#4784,#989);
#711=LINE('',#4788,#990);
#712=LINE('',#4794,#991);
#713=LINE('',#4798,#992);
#714=LINE('',#4802,#993);
#715=LINE('',#4806,#994);
#716=LINE('',#4810,#995);
#717=LINE('',#4814,#996);
#718=LINE('',#4818,#997);
#719=LINE('',#4822,#998);
#720=LINE('',#4826,#999);
#721=LINE('',#4830,#1000);
#722=LINE('',#4834,#1001);
#723=LINE('',#4838,#1002);
#724=LINE('',#4842,#1003);
#725=LINE('',#4846,#1004);
#726=LINE('',#4850,#1005);
#727=LINE('',#4854,#1006);
#728=LINE('',#4860,#1007);
#729=LINE('',#4865,#1008);
#730=LINE('',#4870,#1009);
#731=LINE('',#4872,#1010);
#732=LINE('',#4873,#1011);
#733=LINE('',#4877,#1012);
#734=LINE('',#4880,#1013);
#735=LINE('',#4881,#1014);
#736=LINE('',#4885,#1015);
#737=LINE('',#4888,#1016);
#738=LINE('',#4889,#1017);
#739=LINE('',#4893,#1018);
#740=LINE('',#4896,#1019);
#741=LINE('',#4897,#1020);
#742=LINE('',#4903,#1021);
#743=LINE('',#4905,#1022);
#744=LINE('',#4906,#1023);
#745=LINE('',#4910,#1024);
#746=LINE('',#4913,#1025);
#747=LINE('',#4914,#1026);
#748=LINE('',#4918,#1027);
#749=LINE('',#4921,#1028);
#750=LINE('',#4922,#1029);
#751=LINE('',#4926,#1030);
#752=LINE('',#4929,#1031);
#753=LINE('',#4930,#1032);
#754=LINE('',#4936,#1033);
#755=LINE('',#4938,#1034);
#756=LINE('',#4939,#1035);
#757=LINE('',#4943,#1036);
#758=LINE('',#4946,#1037);
#759=LINE('',#4947,#1038);
#760=LINE('',#4951,#1039);
#761=LINE('',#4954,#1040);
#762=LINE('',#4955,#1041);
#763=LINE('',#4959,#1042);
#764=LINE('',#4962,#1043);
#765=LINE('',#4963,#1044);
#766=LINE('',#4969,#1045);
#767=LINE('',#4971,#1046);
#768=LINE('',#4972,#1047);
#769=LINE('',#4976,#1048);
#770=LINE('',#4979,#1049);
#771=LINE('',#4980,#1050);
#772=LINE('',#4984,#1051);
#773=LINE('',#4987,#1052);
#774=LINE('',#4988,#1053);
#775=LINE('',#4992,#1054);
#776=LINE('',#4995,#1055);
#777=LINE('',#4996,#1056);
#778=LINE('',#5003,#1057);
#779=LINE('',#5007,#1058);
#780=LINE('',#5009,#1059);
#781=LINE('',#5010,#1060);
#782=LINE('',#5014,#1061);
#783=LINE('',#5017,#1062);
#784=LINE('',#5018,#1063);
#785=LINE('',#5022,#1064);
#786=LINE('',#5025,#1065);
#787=LINE('',#5026,#1066);
#788=LINE('',#5030,#1067);
#789=LINE('',#5033,#1068);
#790=LINE('',#5034,#1069);
#791=LINE('',#5041,#1070);
#792=LINE('',#5046,#1071);
#793=LINE('',#5050,#1072);
#794=LINE('',#5051,#1073);
#795=LINE('',#5054,#1074);
#796=LINE('',#5055,#1075);
#797=LINE('',#5058,#1076);
#798=LINE('',#5059,#1077);
#799=LINE('',#5062,#1078);
#800=LINE('',#5063,#1079);
#801=LINE('',#5065,#1080);
#802=VECTOR('',#3320,10.);
#803=VECTOR('',#3323,10.);
#804=VECTOR('',#3326,10.);
#805=VECTOR('',#3327,10.);
#806=VECTOR('',#3328,10.);
#807=VECTOR('',#3333,10.);
#808=VECTOR('',#3336,10.);
#809=VECTOR('',#3341,10.);
#810=VECTOR('',#3342,10.);
#811=VECTOR('',#3343,10.);
#812=VECTOR('',#3346,10.);
#813=VECTOR('',#3347,10.);
#814=VECTOR('',#3348,10.);
#815=VECTOR('',#3349,10.);
#816=VECTOR('',#3354,10.);
#817=VECTOR('',#3359,10.);
#818=VECTOR('',#3360,10.);
#819=VECTOR('',#3361,10.);
#820=VECTOR('',#3366,10.);
#821=VECTOR('',#3371,10.);
#822=VECTOR('',#3372,10.);
#823=VECTOR('',#3373,10.);
#824=VECTOR('',#3378,10.);
#825=VECTOR('',#3383,10.);
#826=VECTOR('',#3384,10.);
#827=VECTOR('',#3385,10.);
#828=VECTOR('',#3390,10.);
#829=VECTOR('',#3395,10.);
#830=VECTOR('',#3396,10.);
#831=VECTOR('',#3397,10.);
#832=VECTOR('',#3402,10.);
#833=VECTOR('',#3407,10.);
#834=VECTOR('',#3410,10.);
#835=VECTOR('',#3413,10.);
#836=VECTOR('',#3416,10.);
#837=VECTOR('',#3417,10.);
#838=VECTOR('',#3418,10.);
#839=VECTOR('',#3421,10.);
#840=VECTOR('',#3424,10.);
#841=VECTOR('',#3427,10.);
#842=VECTOR('',#3432,10.);
#843=VECTOR('',#3437,10.);
#844=VECTOR('',#3438,10.);
#845=VECTOR('',#3451,10.);
#846=VECTOR('',#3456,10.);
#847=VECTOR('',#3461,10.);
#848=VECTOR('',#3466,10.);
#849=VECTOR('',#3467,10.);
#850=VECTOR('',#3470,10.);
#851=VECTOR('',#3471,10.);
#852=VECTOR('',#3474,10.);
#853=VECTOR('',#3477,10.);
#854=VECTOR('',#3480,10.);
#855=VECTOR('',#3483,10.);
#856=VECTOR('',#3488,10.);
#857=VECTOR('',#3491,10.);
#858=VECTOR('',#3492,10.);
#859=VECTOR('',#3495,10.);
#860=VECTOR('',#3498,10.);
#861=VECTOR('',#3501,10.);
#862=VECTOR('',#3504,10.);
#863=VECTOR('',#3507,10.);
#864=VECTOR('',#3510,10.);
#865=VECTOR('',#3513,10.);
#866=VECTOR('',#3516,10.);
#867=VECTOR('',#3519,10.);
#868=VECTOR('',#3524,10.);
#869=VECTOR('',#3527,10.);
#870=VECTOR('',#3528,10.);
#871=VECTOR('',#3531,10.);
#872=VECTOR('',#3534,10.);
#873=VECTOR('',#3537,10.);
#874=VECTOR('',#3540,10.);
#875=VECTOR('',#3543,10.);
#876=VECTOR('',#3546,10.);
#877=VECTOR('',#3549,10.);
#878=VECTOR('',#3554,10.);
#879=VECTOR('',#3557,10.);
#880=VECTOR('',#3566,10.);
#881=VECTOR('',#3567,10.);
#882=VECTOR('',#3570,10.);
#883=VECTOR('',#3571,10.);
#884=VECTOR('',#3576,10.);
#885=VECTOR('',#3579,10.);
#886=VECTOR('',#3582,10.);
#887=VECTOR('',#3583,10.);
#888=VECTOR('',#3584,10.);
#889=VECTOR('',#3589,10.);
#890=VECTOR('',#3592,10.);
#891=VECTOR('',#3593,10.);
#892=VECTOR('',#3600,10.);
#893=VECTOR('',#3601,10.);
#894=VECTOR('',#3602,10.);
#895=VECTOR('',#3607,10.);
#896=VECTOR('',#3610,10.);
#897=VECTOR('',#3611,10.);
#898=VECTOR('',#3618,10.);
#899=VECTOR('',#3619,10.);
#900=VECTOR('',#3620,10.);
#901=VECTOR('',#3625,10.);
#902=VECTOR('',#3628,10.);
#903=VECTOR('',#3629,10.);
#904=VECTOR('',#3636,10.);
#905=VECTOR('',#3637,10.);
#906=VECTOR('',#3638,10.);
#907=VECTOR('',#3643,10.);
#908=VECTOR('',#3646,10.);
#909=VECTOR('',#3647,10.);
#910=VECTOR('',#3656,10.);
#911=VECTOR('',#3657,10.);
#912=VECTOR('',#3660,10.);
#913=VECTOR('',#3661,10.);
#914=VECTOR('',#3666,10.);
#915=VECTOR('',#3669,10.);
#916=VECTOR('',#3672,10.);
#917=VECTOR('',#3673,10.);
#918=VECTOR('',#3674,10.);
#919=VECTOR('',#3679,10.);
#920=VECTOR('',#3682,10.);
#921=VECTOR('',#3683,10.);
#922=VECTOR('',#3690,10.);
#923=VECTOR('',#3691,10.);
#924=VECTOR('',#3692,10.);
#925=VECTOR('',#3697,10.);
#926=VECTOR('',#3700,10.);
#927=VECTOR('',#3701,10.);
#928=VECTOR('',#3708,10.);
#929=VECTOR('',#3709,10.);
#930=VECTOR('',#3710,10.);
#931=VECTOR('',#3715,10.);
#932=VECTOR('',#3718,10.);
#933=VECTOR('',#3719,10.);
#934=VECTOR('',#3726,10.);
#935=VECTOR('',#3727,10.);
#936=VECTOR('',#3728,10.);
#937=VECTOR('',#3733,10.);
#938=VECTOR('',#3736,10.);
#939=VECTOR('',#3737,10.);
#940=VECTOR('',#3744,10.);
#941=VECTOR('',#3745,10.);
#942=VECTOR('',#3746,10.);
#943=VECTOR('',#3751,10.);
#944=VECTOR('',#3754,10.);
#945=VECTOR('',#3755,10.);
#946=VECTOR('',#3764,10.);
#947=VECTOR('',#3765,10.);
#948=VECTOR('',#3768,10.);
#949=VECTOR('',#3769,10.);
#950=VECTOR('',#3774,10.);
#951=VECTOR('',#3777,10.);
#952=VECTOR('',#3780,1.5);
#953=VECTOR('',#3785,1.5);
#954=VECTOR('',#3790,1.5);
#955=VECTOR('',#3795,12.);
#956=VECTOR('',#3800,1.5);
#957=VECTOR('',#3805,10.);
#958=VECTOR('',#3806,10.);
#959=VECTOR('',#3807,10.);
#960=VECTOR('',#3812,10.);
#961=VECTOR('',#3815,10.);
#962=VECTOR('',#3816,10.);
#963=VECTOR('',#3821,10.);
#964=VECTOR('',#3824,10.);
#965=VECTOR('',#3825,10.);
#966=VECTOR('',#3830,10.);
#967=VECTOR('',#3833,10.);
#968=VECTOR('',#3834,10.);
#969=VECTOR('',#3841,10.);
#970=VECTOR('',#3842,10.);
#971=VECTOR('',#3843,10.);
#972=VECTOR('',#3848,10.);
#973=VECTOR('',#3851,10.);
#974=VECTOR('',#3852,10.);
#975=VECTOR('',#3857,10.);
#976=VECTOR('',#3860,10.);
#977=VECTOR('',#3861,10.);
#978=VECTOR('',#3866,10.);
#979=VECTOR('',#3869,10.);
#980=VECTOR('',#3870,10.);
#981=VECTOR('',#3877,4.3);
#982=VECTOR('',#3882,10.);
#983=VECTOR('',#3883,10.);
#984=VECTOR('',#3884,10.);
#985=VECTOR('',#3885,10.);
#986=VECTOR('',#3886,10.);
#987=VECTOR('',#3893,10.);
#988=VECTOR('',#3896,10.);
#989=VECTOR('',#3899,10.);
#990=VECTOR('',#3902,10.);
#991=VECTOR('',#3907,10.);
#992=VECTOR('',#3910,10.);
#993=VECTOR('',#3913,10.);
#994=VECTOR('',#3916,10.);
#995=VECTOR('',#3919,10.);
#996=VECTOR('',#3922,10.);
#997=VECTOR('',#3925,10.);
#998=VECTOR('',#3928,10.);
#999=VECTOR('',#3931,10.);
#1000=VECTOR('',#3934,10.);
#1001=VECTOR('',#3937,10.);
#1002=VECTOR('',#3940,10.);
#1003=VECTOR('',#3943,10.);
#1004=VECTOR('',#3946,10.);
#1005=VECTOR('',#3949,10.);
#1006=VECTOR('',#3952,10.);
#1007=VECTOR('',#3959,1.6);
#1008=VECTOR('',#3966,3.00000000000001);
#1009=VECTOR('',#3973,10.);
#1010=VECTOR('',#3974,10.);
#1011=VECTOR('',#3975,10.);
#1012=VECTOR('',#3980,10.);
#1013=VECTOR('',#3983,10.);
#1014=VECTOR('',#3984,10.);
#1015=VECTOR('',#3989,10.);
#1016=VECTOR('',#3992,10.);
#1017=VECTOR('',#3993,10.);
#1018=VECTOR('',#3998,10.);
#1019=VECTOR('',#4001,10.);
#1020=VECTOR('',#4002,10.);
#1021=VECTOR('',#4011,10.);
#1022=VECTOR('',#4012,10.);
#1023=VECTOR('',#4013,10.);
#1024=VECTOR('',#4018,10.);
#1025=VECTOR('',#4021,10.);
#1026=VECTOR('',#4022,10.);
#1027=VECTOR('',#4027,10.);
#1028=VECTOR('',#4030,10.);
#1029=VECTOR('',#4031,10.);
#1030=VECTOR('',#4036,10.);
#1031=VECTOR('',#4039,10.);
#1032=VECTOR('',#4040,10.);
#1033=VECTOR('',#4049,10.);
#1034=VECTOR('',#4050,10.);
#1035=VECTOR('',#4051,10.);
#1036=VECTOR('',#4056,10.);
#1037=VECTOR('',#4059,10.);
#1038=VECTOR('',#4060,10.);
#1039=VECTOR('',#4065,10.);
#1040=VECTOR('',#4068,10.);
#1041=VECTOR('',#4069,10.);
#1042=VECTOR('',#4074,10.);
#1043=VECTOR('',#4077,10.);
#1044=VECTOR('',#4078,10.);
#1045=VECTOR('',#4087,10.);
#1046=VECTOR('',#4088,10.);
#1047=VECTOR('',#4089,10.);
#1048=VECTOR('',#4094,10.);
#1049=VECTOR('',#4097,10.);
#1050=VECTOR('',#4098,10.);
#1051=VECTOR('',#4103,10.);
#1052=VECTOR('',#4106,10.);
#1053=VECTOR('',#4107,10.);
#1054=VECTOR('',#4112,10.);
#1055=VECTOR('',#4115,10.);
#1056=VECTOR('',#4116,10.);
#1057=VECTOR('',#4127,2.99999999999999);
#1058=VECTOR('',#4132,10.);
#1059=VECTOR('',#4133,10.);
#1060=VECTOR('',#4134,10.);
#1061=VECTOR('',#4139,10.);
#1062=VECTOR('',#4142,10.);
#1063=VECTOR('',#4143,10.);
#1064=VECTOR('',#4148,10.);
#1065=VECTOR('',#4151,10.);
#1066=VECTOR('',#4152,10.);
#1067=VECTOR('',#4157,10.);
#1068=VECTOR('',#4160,10.);
#1069=VECTOR('',#4161,10.);
#1070=VECTOR('',#4172,3.00000000000001);
#1071=VECTOR('',#4179,1.99999999999999);
#1072=VECTOR('',#4184,10.);
#1073=VECTOR('',#4185,10.);
#1074=VECTOR('',#4188,10.);
#1075=VECTOR('',#4189,10.);
#1076=VECTOR('',#4192,10.);
#1077=VECTOR('',#4193,10.);
#1078=VECTOR('',#4196,10.);
#1079=VECTOR('',#4197,10.);
#1080=VECTOR('',#4200,10.);
#1081=CIRCLE('',#3011,4.);
#1082=CIRCLE('',#3012,4.);
#1083=CIRCLE('',#3016,2.6);
#1084=CIRCLE('',#3021,1.6);
#1085=CIRCLE('',#3022,0.399999999999995);
#1086=CIRCLE('',#3025,1.6);
#1087=CIRCLE('',#3026,0.400000000000008);
#1088=CIRCLE('',#3029,1.6);
#1089=CIRCLE('',#3030,0.399999999999989);
#1090=CIRCLE('',#3033,1.6);
#1091=CIRCLE('',#3034,0.399999999999983);
#1092=CIRCLE('',#3037,1.6);
#1093=CIRCLE('',#3038,0.4);
#1094=CIRCLE('',#3041,1.6);
#1095=CIRCLE('',#3043,1.50000000000002);
#1096=CIRCLE('',#3044,1.50000000000007);
#1097=CIRCLE('',#3045,1.50000000000002);
#1098=CIRCLE('',#3046,1.49999999999999);
#1099=CIRCLE('',#3048,1.6);
#1100=CIRCLE('',#3050,1.5);
#1101=CIRCLE('',#3051,12.);
#1102=CIRCLE('',#3052,1.5);
#1103=CIRCLE('',#3053,1.5);
#1104=CIRCLE('',#3054,1.5);
#1105=CIRCLE('',#3056,1.6);
#1106=CIRCLE('',#3060,1.6);
#1107=CIRCLE('',#3063,4.3);
#1108=CIRCLE('',#3064,1.5);
#1109=CIRCLE('',#3065,1.50000000000001);
#1110=CIRCLE('',#3066,1.5);
#1111=CIRCLE('',#3067,1.5);
#1112=CIRCLE('',#3068,1.15);
#1113=CIRCLE('',#3069,1.15);
#1114=CIRCLE('',#3070,1.15);
#1115=CIRCLE('',#3071,1.15);
#1116=CIRCLE('',#3072,1.15);
#1117=CIRCLE('',#3073,1.15);
#1118=CIRCLE('',#3074,1.15);
#1119=CIRCLE('',#3075,1.15);
#1120=CIRCLE('',#3076,1.15);
#1121=CIRCLE('',#3077,1.15);
#1122=CIRCLE('',#3078,1.15);
#1123=CIRCLE('',#3079,1.15);
#1124=CIRCLE('',#3080,1.15);
#1125=CIRCLE('',#3081,1.15);
#1126=CIRCLE('',#3082,1.15);
#1127=CIRCLE('',#3083,1.15);
#1128=CIRCLE('',#3084,1.15);
#1129=CIRCLE('',#3085,1.15);
#1130=CIRCLE('',#3086,1.15);
#1131=CIRCLE('',#3087,1.15);
#1132=CIRCLE('',#3088,1.15);
#1133=CIRCLE('',#3089,1.15);
#1134=CIRCLE('',#3090,1.15);
#1135=CIRCLE('',#3091,1.15);
#1136=CIRCLE('',#3093,1.6);
#1137=CIRCLE('',#3095,1.15);
#1138=CIRCLE('',#3098,1.15);
#1139=CIRCLE('',#3102,1.15);
#1140=CIRCLE('',#3105,1.15);
#1141=CIRCLE('',#3108,1.15);
#1142=CIRCLE('',#3111,1.15);
#1143=CIRCLE('',#3114,1.15);
#1144=CIRCLE('',#3117,1.15);
#1145=CIRCLE('',#3120,1.15);
#1146=CIRCLE('',#3123,1.15);
#1147=CIRCLE('',#3125,1.15);
#1148=CIRCLE('',#3128,1.15);
#1149=CIRCLE('',#3132,1.15);
#1150=CIRCLE('',#3135,1.15);
#1151=CIRCLE('',#3138,1.15);
#1152=CIRCLE('',#3141,1.15);
#1153=CIRCLE('',#3144,1.15);
#1154=CIRCLE('',#3147,1.15);
#1155=CIRCLE('',#3150,1.15);
#1156=CIRCLE('',#3153,1.15);
#1157=CIRCLE('',#3156,1.15);
#1158=CIRCLE('',#3159,1.15);
#1159=CIRCLE('',#3161,1.15);
#1160=CIRCLE('',#3164,1.15);
#1161=CIRCLE('',#3167,1.5);
#1162=CIRCLE('',#3169,1.5);
#1163=CIRCLE('',#3171,1.5);
#1164=CIRCLE('',#3173,12.);
#1165=CIRCLE('',#3175,1.5);
#1166=CIRCLE('',#3178,1.50000000000007);
#1167=CIRCLE('',#3181,1.50000000000002);
#1168=CIRCLE('',#3184,1.49999999999999);
#1169=CIRCLE('',#3187,1.50000000000002);
#1170=CIRCLE('',#3190,1.50000000000001);
#1171=CIRCLE('',#3193,1.5);
#1172=CIRCLE('',#3196,1.5);
#1173=CIRCLE('',#3199,1.5);
#1174=CIRCLE('',#3201,4.3);
#1175=CIRCLE('',#3203,3.00000000000001);
#1176=CIRCLE('',#3204,1.99999999999999);
#1177=CIRCLE('',#3205,3.00000000000001);
#1178=CIRCLE('',#3206,3.00000000000001);
#1179=CIRCLE('',#3207,3.00000000000001);
#1180=CIRCLE('',#3208,3.00000000000001);
#1181=CIRCLE('',#3209,3.00000000000004);
#1182=CIRCLE('',#3210,2.99999999999999);
#1183=CIRCLE('',#3211,1.24000000000002);
#1184=CIRCLE('',#3212,1.24000000000002);
#1185=CIRCLE('',#3213,1.24000000000002);
#1186=CIRCLE('',#3214,1.23999999999999);
#1187=CIRCLE('',#3215,3.00000000000004);
#1188=CIRCLE('',#3216,3.00000000000001);
#1189=CIRCLE('',#3217,3.00000000000001);
#1190=CIRCLE('',#3218,3.00000000000001);
#1191=CIRCLE('',#3219,1.24000000000001);
#1192=CIRCLE('',#3220,1.23999999999999);
#1193=CIRCLE('',#3221,1.24000000000004);
#1194=CIRCLE('',#3222,1.24000000000001);
#1195=CIRCLE('',#3223,3.00000000000001);
#1196=CIRCLE('',#3224,2.99999999999999);
#1197=CIRCLE('',#3225,3.00000000000001);
#1198=CIRCLE('',#3226,3.00000000000004);
#1199=CIRCLE('',#3228,1.6);
#1200=CIRCLE('',#3229,1.6);
#1201=CIRCLE('',#3231,3.00000000000001);
#1202=CIRCLE('',#3236,3.00000000000001);
#1203=CIRCLE('',#3239,2.99999999999999);
#1204=CIRCLE('',#3242,3.00000000000001);
#1205=CIRCLE('',#3245,3.00000000000004);
#1206=CIRCLE('',#3249,1.24000000000001);
#1207=CIRCLE('',#3252,1.23999999999999);
#1208=CIRCLE('',#3255,1.24000000000004);
#1209=CIRCLE('',#3258,1.24000000000001);
#1210=CIRCLE('',#3262,3.00000000000004);
#1211=CIRCLE('',#3265,3.00000000000001);
#1212=CIRCLE('',#3268,3.00000000000001);
#1213=CIRCLE('',#3271,3.00000000000001);
#1214=CIRCLE('',#3275,1.24000000000002);
#1215=CIRCLE('',#3278,1.24000000000002);
#1216=CIRCLE('',#3281,1.24000000000002);
#1217=CIRCLE('',#3284,1.23999999999999);
#1218=CIRCLE('',#3287,2.99999999999999);
#1219=CIRCLE('',#3291,3.00000000000001);
#1220=CIRCLE('',#3294,3.00000000000001);
#1221=CIRCLE('',#3297,3.00000000000001);
#1222=CIRCLE('',#3300,3.00000000000004);
#1223=CIRCLE('',#3303,3.00000000000001);
#1224=CIRCLE('',#3306,1.99999999999999);
#1225=VERTEX_POINT('',#4205);
#1226=VERTEX_POINT('',#4206);
#1227=VERTEX_POINT('',#4208);
#1228=VERTEX_POINT('',#4210);
#1229=VERTEX_POINT('',#4214);
#1230=VERTEX_POINT('',#4216);
#1231=VERTEX_POINT('',#4220);
#1232=VERTEX_POINT('',#4221);
#1233=VERTEX_POINT('',#4223);
#1234=VERTEX_POINT('',#4225);
#1235=VERTEX_POINT('',#4227);
#1236=VERTEX_POINT('',#4231);
#1237=VERTEX_POINT('',#4233);
#1238=VERTEX_POINT('',#4237);
#1239=VERTEX_POINT('',#4239);
#1240=VERTEX_POINT('',#4241);
#1241=VERTEX_POINT('',#4245);
#1242=VERTEX_POINT('',#4247);
#1243=VERTEX_POINT('',#4251);
#1244=VERTEX_POINT('',#4252);
#1245=VERTEX_POINT('',#4257);
#1246=VERTEX_POINT('',#4259);
#1247=VERTEX_POINT('',#4263);
#1248=VERTEX_POINT('',#4264);
#1249=VERTEX_POINT('',#4269);
#1250=VERTEX_POINT('',#4271);
#1251=VERTEX_POINT('',#4275);
#1252=VERTEX_POINT('',#4276);
#1253=VERTEX_POINT('',#4281);
#1254=VERTEX_POINT('',#4283);
#1255=VERTEX_POINT('',#4287);
#1256=VERTEX_POINT('',#4288);
#1257=VERTEX_POINT('',#4294);
#1258=VERTEX_POINT('',#4300);
#1259=VERTEX_POINT('',#4302);
#1260=VERTEX_POINT('',#4306);
#1261=VERTEX_POINT('',#4309);
#1262=VERTEX_POINT('',#4310);
#1263=VERTEX_POINT('',#4312);
#1264=VERTEX_POINT('',#4314);
#1265=VERTEX_POINT('',#4316);
#1266=VERTEX_POINT('',#4318);
#1267=VERTEX_POINT('',#4320);
#1268=VERTEX_POINT('',#4322);
#1269=VERTEX_POINT('',#4326);
#1270=VERTEX_POINT('',#4330);
#1271=VERTEX_POINT('',#4333);
#1272=VERTEX_POINT('',#4335);
#1273=VERTEX_POINT('',#4337);
#1274=VERTEX_POINT('',#4339);
#1275=VERTEX_POINT('',#4341);
#1276=VERTEX_POINT('',#4344);
#1277=VERTEX_POINT('',#4351);
#1278=VERTEX_POINT('',#4355);
#1279=VERTEX_POINT('',#4359);
#1280=VERTEX_POINT('',#4362);
#1281=VERTEX_POINT('',#4364);
#1282=VERTEX_POINT('',#4365);
#1283=VERTEX_POINT('',#4367);
#1284=VERTEX_POINT('',#4369);
#1285=VERTEX_POINT('',#4371);
#1286=VERTEX_POINT('',#4373);
#1287=VERTEX_POINT('',#4375);
#1288=VERTEX_POINT('',#4377);
#1289=VERTEX_POINT('',#4380);
#1290=VERTEX_POINT('',#4381);
#1291=VERTEX_POINT('',#4383);
#1292=VERTEX_POINT('',#4385);
#1293=VERTEX_POINT('',#4388);
#1294=VERTEX_POINT('',#4389);
#1295=VERTEX_POINT('',#4391);
#1296=VERTEX_POINT('',#4393);
#1297=VERTEX_POINT('',#4396);
#1298=VERTEX_POINT('',#4397);
#1299=VERTEX_POINT('',#4399);
#1300=VERTEX_POINT('',#4401);
#1301=VERTEX_POINT('',#4404);
#1302=VERTEX_POINT('',#4405);
#1303=VERTEX_POINT('',#4407);
#1304=VERTEX_POINT('',#4409);
#1305=VERTEX_POINT('',#4412);
#1306=VERTEX_POINT('',#4413);
#1307=VERTEX_POINT('',#4415);
#1308=VERTEX_POINT('',#4417);
#1309=VERTEX_POINT('',#4420);
#1310=VERTEX_POINT('',#4421);
#1311=VERTEX_POINT('',#4423);
#1312=VERTEX_POINT('',#4425);
#1313=VERTEX_POINT('',#4428);
#1314=VERTEX_POINT('',#4429);
#1315=VERTEX_POINT('',#4431);
#1316=VERTEX_POINT('',#4433);
#1317=VERTEX_POINT('',#4436);
#1318=VERTEX_POINT('',#4437);
#1319=VERTEX_POINT('',#4439);
#1320=VERTEX_POINT('',#4441);
#1321=VERTEX_POINT('',#4444);
#1322=VERTEX_POINT('',#4445);
#1323=VERTEX_POINT('',#4447);
#1324=VERTEX_POINT('',#4449);
#1325=VERTEX_POINT('',#4452);
#1326=VERTEX_POINT('',#4453);
#1327=VERTEX_POINT('',#4455);
#1328=VERTEX_POINT('',#4457);
#1329=VERTEX_POINT('',#4460);
#1330=VERTEX_POINT('',#4461);
#1331=VERTEX_POINT('',#4463);
#1332=VERTEX_POINT('',#4465);
#1333=VERTEX_POINT('',#4468);
#1334=VERTEX_POINT('',#4469);
#1335=VERTEX_POINT('',#4471);
#1336=VERTEX_POINT('',#4473);
#1337=VERTEX_POINT('',#4479);
#1338=VERTEX_POINT('',#4480);
#1339=VERTEX_POINT('',#4485);
#1340=VERTEX_POINT('',#4489);
#1341=VERTEX_POINT('',#4495);
#1342=VERTEX_POINT('',#4496);
#1343=VERTEX_POINT('',#4501);
#1344=VERTEX_POINT('',#4505);
#1345=VERTEX_POINT('',#4511);
#1346=VERTEX_POINT('',#4512);
#1347=VERTEX_POINT('',#4517);
#1348=VERTEX_POINT('',#4521);
#1349=VERTEX_POINT('',#4527);
#1350=VERTEX_POINT('',#4528);
#1351=VERTEX_POINT('',#4533);
#1352=VERTEX_POINT('',#4537);
#1353=VERTEX_POINT('',#4543);
#1354=VERTEX_POINT('',#4544);
#1355=VERTEX_POINT('',#4549);
#1356=VERTEX_POINT('',#4553);
#1357=VERTEX_POINT('',#4559);
#1358=VERTEX_POINT('',#4560);
#1359=VERTEX_POINT('',#4565);
#1360=VERTEX_POINT('',#4569);
#1361=VERTEX_POINT('',#4575);
#1362=VERTEX_POINT('',#4576);
#1363=VERTEX_POINT('',#4581);
#1364=VERTEX_POINT('',#4585);
#1365=VERTEX_POINT('',#4591);
#1366=VERTEX_POINT('',#4592);
#1367=VERTEX_POINT('',#4597);
#1368=VERTEX_POINT('',#4601);
#1369=VERTEX_POINT('',#4607);
#1370=VERTEX_POINT('',#4608);
#1371=VERTEX_POINT('',#4613);
#1372=VERTEX_POINT('',#4617);
#1373=VERTEX_POINT('',#4623);
#1374=VERTEX_POINT('',#4624);
#1375=VERTEX_POINT('',#4629);
#1376=VERTEX_POINT('',#4633);
#1377=VERTEX_POINT('',#4639);
#1378=VERTEX_POINT('',#4640);
#1379=VERTEX_POINT('',#4645);
#1380=VERTEX_POINT('',#4649);
#1381=VERTEX_POINT('',#4655);
#1382=VERTEX_POINT('',#4656);
#1383=VERTEX_POINT('',#4661);
#1384=VERTEX_POINT('',#4665);
#1385=VERTEX_POINT('',#4671);
#1386=VERTEX_POINT('',#4675);
#1387=VERTEX_POINT('',#4679);
#1388=VERTEX_POINT('',#4683);
#1389=VERTEX_POINT('',#4687);
#1390=VERTEX_POINT('',#4691);
#1391=VERTEX_POINT('',#4692);
#1392=VERTEX_POINT('',#4697);
#1393=VERTEX_POINT('',#4701);
#1394=VERTEX_POINT('',#4705);
#1395=VERTEX_POINT('',#4709);
#1396=VERTEX_POINT('',#4713);
#1397=VERTEX_POINT('',#4717);
#1398=VERTEX_POINT('',#4723);
#1399=VERTEX_POINT('',#4724);
#1400=VERTEX_POINT('',#4729);
#1401=VERTEX_POINT('',#4733);
#1402=VERTEX_POINT('',#4737);
#1403=VERTEX_POINT('',#4741);
#1404=VERTEX_POINT('',#4745);
#1405=VERTEX_POINT('',#4749);
#1406=VERTEX_POINT('',#4755);
#1407=VERTEX_POINT('',#4759);
#1408=VERTEX_POINT('',#4761);
#1409=VERTEX_POINT('',#4763);
#1410=VERTEX_POINT('',#4765);
#1411=VERTEX_POINT('',#4768);
#1412=VERTEX_POINT('',#4770);
#1413=VERTEX_POINT('',#4772);
#1414=VERTEX_POINT('',#4774);
#1415=VERTEX_POINT('',#4775);
#1416=VERTEX_POINT('',#4777);
#1417=VERTEX_POINT('',#4779);
#1418=VERTEX_POINT('',#4781);
#1419=VERTEX_POINT('',#4783);
#1420=VERTEX_POINT('',#4785);
#1421=VERTEX_POINT('',#4787);
#1422=VERTEX_POINT('',#4790);
#1423=VERTEX_POINT('',#4792);
#1424=VERTEX_POINT('',#4793);
#1425=VERTEX_POINT('',#4795);
#1426=VERTEX_POINT('',#4797);
#1427=VERTEX_POINT('',#4799);
#1428=VERTEX_POINT('',#4801);
#1429=VERTEX_POINT('',#4803);
#1430=VERTEX_POINT('',#4805);
#1431=VERTEX_POINT('',#4808);
#1432=VERTEX_POINT('',#4809);
#1433=VERTEX_POINT('',#4811);
#1434=VERTEX_POINT('',#4813);
#1435=VERTEX_POINT('',#4815);
#1436=VERTEX_POINT('',#4817);
#1437=VERTEX_POINT('',#4819);
#1438=VERTEX_POINT('',#4821);
#1439=VERTEX_POINT('',#4824);
#1440=VERTEX_POINT('',#4825);
#1441=VERTEX_POINT('',#4827);
#1442=VERTEX_POINT('',#4829);
#1443=VERTEX_POINT('',#4831);
#1444=VERTEX_POINT('',#4833);
#1445=VERTEX_POINT('',#4835);
#1446=VERTEX_POINT('',#4837);
#1447=VERTEX_POINT('',#4840);
#1448=VERTEX_POINT('',#4841);
#1449=VERTEX_POINT('',#4843);
#1450=VERTEX_POINT('',#4845);
#1451=VERTEX_POINT('',#4847);
#1452=VERTEX_POINT('',#4849);
#1453=VERTEX_POINT('',#4851);
#1454=VERTEX_POINT('',#4853);
#1455=VERTEX_POINT('',#4857);
#1456=VERTEX_POINT('',#4859);
#1457=VERTEX_POINT('',#4863);
#1458=VERTEX_POINT('',#4869);
#1459=VERTEX_POINT('',#4871);
#1460=VERTEX_POINT('',#4875);
#1461=VERTEX_POINT('',#4879);
#1462=VERTEX_POINT('',#4883);
#1463=VERTEX_POINT('',#4887);
#1464=VERTEX_POINT('',#4891);
#1465=VERTEX_POINT('',#4895);
#1466=VERTEX_POINT('',#4902);
#1467=VERTEX_POINT('',#4904);
#1468=VERTEX_POINT('',#4908);
#1469=VERTEX_POINT('',#4912);
#1470=VERTEX_POINT('',#4916);
#1471=VERTEX_POINT('',#4920);
#1472=VERTEX_POINT('',#4924);
#1473=VERTEX_POINT('',#4928);
#1474=VERTEX_POINT('',#4935);
#1475=VERTEX_POINT('',#4937);
#1476=VERTEX_POINT('',#4941);
#1477=VERTEX_POINT('',#4945);
#1478=VERTEX_POINT('',#4949);
#1479=VERTEX_POINT('',#4953);
#1480=VERTEX_POINT('',#4957);
#1481=VERTEX_POINT('',#4961);
#1482=VERTEX_POINT('',#4968);
#1483=VERTEX_POINT('',#4970);
#1484=VERTEX_POINT('',#4974);
#1485=VERTEX_POINT('',#4978);
#1486=VERTEX_POINT('',#4982);
#1487=VERTEX_POINT('',#4986);
#1488=VERTEX_POINT('',#4990);
#1489=VERTEX_POINT('',#4994);
#1490=VERTEX_POINT('',#5001);
#1491=VERTEX_POINT('',#5006);
#1492=VERTEX_POINT('',#5008);
#1493=VERTEX_POINT('',#5012);
#1494=VERTEX_POINT('',#5016);
#1495=VERTEX_POINT('',#5020);
#1496=VERTEX_POINT('',#5024);
#1497=VERTEX_POINT('',#5028);
#1498=VERTEX_POINT('',#5032);
#1499=VERTEX_POINT('',#5039);
#1500=VERTEX_POINT('',#5044);
#1501=VERTEX_POINT('',#5049);
#1502=VERTEX_POINT('',#5053);
#1503=VERTEX_POINT('',#5057);
#1504=VERTEX_POINT('',#5061);
#1505=EDGE_CURVE('',#1225,#1226,#1081,.T.);
#1506=EDGE_CURVE('',#1226,#1227,#523,.T.);
#1507=EDGE_CURVE('',#1227,#1228,#1082,.F.);
#1508=EDGE_CURVE('',#1228,#1225,#524,.T.);
#1509=EDGE_CURVE('',#1229,#1228,#525,.T.);
#1510=EDGE_CURVE('',#1229,#1230,#526,.T.);
#1511=EDGE_CURVE('',#1225,#1230,#527,.T.);
#1512=EDGE_CURVE('',#1231,#1232,#71,.F.);
#1513=EDGE_CURVE('',#1231,#1233,#528,.T.);
#1514=EDGE_CURVE('',#1233,#1234,#1083,.T.);
#1515=EDGE_CURVE('',#1234,#1235,#529,.T.);
#1516=EDGE_CURVE('',#1232,#1235,#72,.F.);
#1517=EDGE_CURVE('',#1236,#1231,#530,.T.);
#1518=EDGE_CURVE('',#1237,#1236,#531,.T.);
#1519=EDGE_CURVE('',#1233,#1237,#532,.T.);
#1520=EDGE_CURVE('',#1235,#1238,#533,.T.);
#1521=EDGE_CURVE('',#1238,#1239,#534,.T.);
#1522=EDGE_CURVE('',#1239,#1240,#535,.T.);
#1523=EDGE_CURVE('',#1232,#1240,#536,.F.);
#1524=EDGE_CURVE('',#1238,#1241,#1084,.T.);
#1525=EDGE_CURVE('',#1241,#1242,#537,.T.);
#1526=EDGE_CURVE('',#1242,#1239,#1085,.T.);
#1527=EDGE_CURVE('',#1243,#1244,#538,.T.);
#1528=EDGE_CURVE('',#1244,#1242,#539,.T.);
#1529=EDGE_CURVE('',#1241,#1243,#540,.T.);
#1530=EDGE_CURVE('',#1243,#1245,#1086,.T.);
#1531=EDGE_CURVE('',#1245,#1246,#541,.T.);
#1532=EDGE_CURVE('',#1246,#1244,#1087,.T.);
#1533=EDGE_CURVE('',#1247,#1248,#542,.T.);
#1534=EDGE_CURVE('',#1248,#1246,#543,.T.);
#1535=EDGE_CURVE('',#1245,#1247,#544,.T.);
#1536=EDGE_CURVE('',#1247,#1249,#1088,.T.);
#1537=EDGE_CURVE('',#1249,#1250,#545,.T.);
#1538=EDGE_CURVE('',#1250,#1248,#1089,.T.);
#1539=EDGE_CURVE('',#1251,#1252,#546,.T.);
#1540=EDGE_CURVE('',#1252,#1250,#547,.T.);
#1541=EDGE_CURVE('',#1249,#1251,#548,.T.);
#1542=EDGE_CURVE('',#1251,#1253,#1090,.T.);
#1543=EDGE_CURVE('',#1253,#1254,#549,.T.);
#1544=EDGE_CURVE('',#1254,#1252,#1091,.T.);
#1545=EDGE_CURVE('',#1255,#1256,#550,.T.);
#1546=EDGE_CURVE('',#1256,#1254,#551,.T.);
#1547=EDGE_CURVE('',#1253,#1255,#552,.T.);
#1548=EDGE_CURVE('',#1255,#1236,#1092,.T.);
#1549=EDGE_CURVE('',#1236,#1257,#553,.T.);
#1550=EDGE_CURVE('',#1257,#1256,#1093,.T.);
#1551=EDGE_CURVE('',#1240,#1257,#554,.T.);
#1552=EDGE_CURVE('',#1247,#1258,#555,.T.);
#1553=EDGE_CURVE('',#1258,#1259,#1094,.T.);
#1554=EDGE_CURVE('',#1259,#1249,#556,.T.);
#1555=EDGE_CURVE('',#1260,#1245,#557,.T.);
#1556=EDGE_CURVE('',#1258,#1260,#558,.T.);
#1557=EDGE_CURVE('',#1261,#1262,#559,.T.);
#1558=EDGE_CURVE('',#1262,#1263,#1095,.T.);
#1559=EDGE_CURVE('',#1263,#1264,#560,.T.);
#1560=EDGE_CURVE('',#1264,#1265,#1096,.T.);
#1561=EDGE_CURVE('',#1265,#1266,#561,.T.);
#1562=EDGE_CURVE('',#1266,#1267,#1097,.T.);
#1563=EDGE_CURVE('',#1267,#1268,#562,.T.);
#1564=EDGE_CURVE('',#1268,#1261,#1098,.T.);
#1565=EDGE_CURVE('',#1243,#1269,#563,.T.);
#1566=EDGE_CURVE('',#1269,#1260,#1099,.T.);
#1567=EDGE_CURVE('',#1270,#1241,#564,.T.);
#1568=EDGE_CURVE('',#1269,#1270,#565,.T.);
#1569=EDGE_CURVE('',#1271,#1271,#1100,.T.);
#1570=EDGE_CURVE('',#1272,#1272,#1101,.T.);
#1571=EDGE_CURVE('',#1273,#1273,#1102,.T.);
#1572=EDGE_CURVE('',#1274,#1274,#1103,.T.);
#1573=EDGE_CURVE('',#1275,#1275,#1104,.T.);
#1574=EDGE_CURVE('',#1238,#1276,#566,.T.);
#1575=EDGE_CURVE('',#1276,#1270,#1105,.T.);
#1576=EDGE_CURVE('',#1276,#1234,#567,.T.);
#1577=EDGE_CURVE('',#1255,#1277,#568,.T.);
#1578=EDGE_CURVE('',#1277,#1237,#1106,.T.);
#1579=EDGE_CURVE('',#1278,#1253,#569,.T.);
#1580=EDGE_CURVE('',#1277,#1278,#570,.T.);
#1581=EDGE_CURVE('',#1279,#1259,#571,.T.);
#1582=EDGE_CURVE('',#1251,#1279,#572,.T.);
#1583=EDGE_CURVE('',#1280,#1280,#1107,.T.);
#1584=EDGE_CURVE('',#1281,#1282,#573,.T.);
#1585=EDGE_CURVE('',#1282,#1283,#1108,.T.);
#1586=EDGE_CURVE('',#1283,#1284,#574,.T.);
#1587=EDGE_CURVE('',#1284,#1285,#1109,.T.);
#1588=EDGE_CURVE('',#1285,#1286,#575,.T.);
#1589=EDGE_CURVE('',#1286,#1287,#1110,.T.);
#1590=EDGE_CURVE('',#1287,#1288,#576,.T.);
#1591=EDGE_CURVE('',#1288,#1281,#1111,.T.);
#1592=EDGE_CURVE('',#1289,#1290,#1112,.T.);
#1593=EDGE_CURVE('',#1290,#1291,#577,.T.);
#1594=EDGE_CURVE('',#1291,#1292,#1113,.T.);
#1595=EDGE_CURVE('',#1292,#1289,#578,.T.);
#1596=EDGE_CURVE('',#1293,#1294,#579,.T.);
#1597=EDGE_CURVE('',#1294,#1295,#1114,.T.);
#1598=EDGE_CURVE('',#1295,#1296,#580,.T.);
#1599=EDGE_CURVE('',#1296,#1293,#1115,.T.);
#1600=EDGE_CURVE('',#1297,#1298,#581,.T.);
#1601=EDGE_CURVE('',#1298,#1299,#1116,.T.);
#1602=EDGE_CURVE('',#1299,#1300,#582,.T.);
#1603=EDGE_CURVE('',#1300,#1297,#1117,.T.);
#1604=EDGE_CURVE('',#1301,#1302,#583,.T.);
#1605=EDGE_CURVE('',#1302,#1303,#1118,.T.);
#1606=EDGE_CURVE('',#1303,#1304,#584,.T.);
#1607=EDGE_CURVE('',#1304,#1301,#1119,.T.);
#1608=EDGE_CURVE('',#1305,#1306,#585,.T.);
#1609=EDGE_CURVE('',#1306,#1307,#1120,.T.);
#1610=EDGE_CURVE('',#1307,#1308,#586,.T.);
#1611=EDGE_CURVE('',#1308,#1305,#1121,.T.);
#1612=EDGE_CURVE('',#1309,#1310,#587,.T.);
#1613=EDGE_CURVE('',#1310,#1311,#1122,.T.);
#1614=EDGE_CURVE('',#1311,#1312,#588,.T.);
#1615=EDGE_CURVE('',#1312,#1309,#1123,.T.);
#1616=EDGE_CURVE('',#1313,#1314,#1124,.T.);
#1617=EDGE_CURVE('',#1314,#1315,#589,.T.);
#1618=EDGE_CURVE('',#1315,#1316,#1125,.T.);
#1619=EDGE_CURVE('',#1316,#1313,#590,.T.);
#1620=EDGE_CURVE('',#1317,#1318,#591,.T.);
#1621=EDGE_CURVE('',#1318,#1319,#1126,.T.);
#1622=EDGE_CURVE('',#1319,#1320,#592,.T.);
#1623=EDGE_CURVE('',#1320,#1317,#1127,.T.);
#1624=EDGE_CURVE('',#1321,#1322,#593,.T.);
#1625=EDGE_CURVE('',#1322,#1323,#1128,.T.);
#1626=EDGE_CURVE('',#1323,#1324,#594,.T.);
#1627=EDGE_CURVE('',#1324,#1321,#1129,.T.);
#1628=EDGE_CURVE('',#1325,#1326,#595,.T.);
#1629=EDGE_CURVE('',#1326,#1327,#1130,.T.);
#1630=EDGE_CURVE('',#1327,#1328,#596,.T.);
#1631=EDGE_CURVE('',#1328,#1325,#1131,.T.);
#1632=EDGE_CURVE('',#1329,#1330,#597,.T.);
#1633=EDGE_CURVE('',#1330,#1331,#1132,.T.);
#1634=EDGE_CURVE('',#1331,#1332,#598,.T.);
#1635=EDGE_CURVE('',#1332,#1329,#1133,.T.);
#1636=EDGE_CURVE('',#1333,#1334,#1134,.T.);
#1637=EDGE_CURVE('',#1334,#1335,#599,.T.);
#1638=EDGE_CURVE('',#1335,#1336,#1135,.T.);
#1639=EDGE_CURVE('',#1336,#1333,#600,.T.);
#1640=EDGE_CURVE('',#1279,#1278,#1136,.T.);
#1641=EDGE_CURVE('',#1337,#1338,#1137,.T.);
#1642=EDGE_CURVE('',#1336,#1337,#601,.T.);
#1643=EDGE_CURVE('',#1335,#1338,#602,.T.);
#1644=EDGE_CURVE('',#1338,#1339,#603,.T.);
#1645=EDGE_CURVE('',#1334,#1339,#604,.T.);
#1646=EDGE_CURVE('',#1339,#1340,#1138,.T.);
#1647=EDGE_CURVE('',#1333,#1340,#605,.T.);
#1648=EDGE_CURVE('',#1340,#1337,#606,.T.);
#1649=EDGE_CURVE('',#1341,#1342,#607,.T.);
#1650=EDGE_CURVE('',#1332,#1341,#608,.T.);
#1651=EDGE_CURVE('',#1331,#1342,#609,.T.);
#1652=EDGE_CURVE('',#1342,#1343,#1139,.T.);
#1653=EDGE_CURVE('',#1330,#1343,#610,.T.);
#1654=EDGE_CURVE('',#1343,#1344,#611,.T.);
#1655=EDGE_CURVE('',#1329,#1344,#612,.T.);
#1656=EDGE_CURVE('',#1344,#1341,#1140,.T.);
#1657=EDGE_CURVE('',#1345,#1346,#613,.T.);
#1658=EDGE_CURVE('',#1328,#1345,#614,.T.);
#1659=EDGE_CURVE('',#1327,#1346,#615,.T.);
#1660=EDGE_CURVE('',#1346,#1347,#1141,.T.);
#1661=EDGE_CURVE('',#1326,#1347,#616,.T.);
#1662=EDGE_CURVE('',#1347,#1348,#617,.T.);
#1663=EDGE_CURVE('',#1325,#1348,#618,.T.);
#1664=EDGE_CURVE('',#1348,#1345,#1142,.T.);
#1665=EDGE_CURVE('',#1349,#1350,#619,.T.);
#1666=EDGE_CURVE('',#1324,#1349,#620,.T.);
#1667=EDGE_CURVE('',#1323,#1350,#621,.T.);
#1668=EDGE_CURVE('',#1350,#1351,#1143,.T.);
#1669=EDGE_CURVE('',#1322,#1351,#622,.T.);
#1670=EDGE_CURVE('',#1351,#1352,#623,.T.);
#1671=EDGE_CURVE('',#1321,#1352,#624,.T.);
#1672=EDGE_CURVE('',#1352,#1349,#1144,.T.);
#1673=EDGE_CURVE('',#1353,#1354,#625,.T.);
#1674=EDGE_CURVE('',#1320,#1353,#626,.T.);
#1675=EDGE_CURVE('',#1319,#1354,#627,.T.);
#1676=EDGE_CURVE('',#1354,#1355,#1145,.T.);
#1677=EDGE_CURVE('',#1318,#1355,#628,.T.);
#1678=EDGE_CURVE('',#1355,#1356,#629,.T.);
#1679=EDGE_CURVE('',#1317,#1356,#630,.T.);
#1680=EDGE_CURVE('',#1356,#1353,#1146,.T.);
#1681=EDGE_CURVE('',#1357,#1358,#1147,.T.);
#1682=EDGE_CURVE('',#1316,#1357,#631,.T.);
#1683=EDGE_CURVE('',#1315,#1358,#632,.T.);
#1684=EDGE_CURVE('',#1358,#1359,#633,.T.);
#1685=EDGE_CURVE('',#1314,#1359,#634,.T.);
#1686=EDGE_CURVE('',#1359,#1360,#1148,.T.);
#1687=EDGE_CURVE('',#1313,#1360,#635,.T.);
#1688=EDGE_CURVE('',#1360,#1357,#636,.T.);
#1689=EDGE_CURVE('',#1361,#1362,#637,.T.);
#1690=EDGE_CURVE('',#1312,#1361,#638,.T.);
#1691=EDGE_CURVE('',#1311,#1362,#639,.T.);
#1692=EDGE_CURVE('',#1362,#1363,#1149,.T.);
#1693=EDGE_CURVE('',#1310,#1363,#640,.T.);
#1694=EDGE_CURVE('',#1363,#1364,#641,.T.);
#1695=EDGE_CURVE('',#1309,#1364,#642,.T.);
#1696=EDGE_CURVE('',#1364,#1361,#1150,.T.);
#1697=EDGE_CURVE('',#1365,#1366,#643,.T.);
#1698=EDGE_CURVE('',#1308,#1365,#644,.T.);
#1699=EDGE_CURVE('',#1307,#1366,#645,.T.);
#1700=EDGE_CURVE('',#1366,#1367,#1151,.T.);
#1701=EDGE_CURVE('',#1306,#1367,#646,.T.);
#1702=EDGE_CURVE('',#1367,#1368,#647,.T.);
#1703=EDGE_CURVE('',#1305,#1368,#648,.T.);
#1704=EDGE_CURVE('',#1368,#1365,#1152,.T.);
#1705=EDGE_CURVE('',#1369,#1370,#649,.T.);
#1706=EDGE_CURVE('',#1304,#1369,#650,.T.);
#1707=EDGE_CURVE('',#1303,#1370,#651,.T.);
#1708=EDGE_CURVE('',#1370,#1371,#1153,.T.);
#1709=EDGE_CURVE('',#1302,#1371,#652,.T.);
#1710=EDGE_CURVE('',#1371,#1372,#653,.T.);
#1711=EDGE_CURVE('',#1301,#1372,#654,.T.);
#1712=EDGE_CURVE('',#1372,#1369,#1154,.T.);
#1713=EDGE_CURVE('',#1373,#1374,#655,.T.);
#1714=EDGE_CURVE('',#1300,#1373,#656,.T.);
#1715=EDGE_CURVE('',#1299,#1374,#657,.T.);
#1716=EDGE_CURVE('',#1374,#1375,#1155,.T.);
#1717=EDGE_CURVE('',#1298,#1375,#658,.T.);
#1718=EDGE_CURVE('',#1375,#1376,#659,.T.);
#1719=EDGE_CURVE('',#1297,#1376,#660,.T.);
#1720=EDGE_CURVE('',#1376,#1373,#1156,.T.);
#1721=EDGE_CURVE('',#1377,#1378,#661,.T.);
#1722=EDGE_CURVE('',#1296,#1377,#662,.T.);
#1723=EDGE_CURVE('',#1295,#1378,#663,.T.);
#1724=EDGE_CURVE('',#1378,#1379,#1157,.T.);
#1725=EDGE_CURVE('',#1294,#1379,#664,.T.);
#1726=EDGE_CURVE('',#1379,#1380,#665,.T.);
#1727=EDGE_CURVE('',#1293,#1380,#666,.T.);
#1728=EDGE_CURVE('',#1380,#1377,#1158,.T.);
#1729=EDGE_CURVE('',#1381,#1382,#1159,.T.);
#1730=EDGE_CURVE('',#1292,#1381,#667,.T.);
#1731=EDGE_CURVE('',#1291,#1382,#668,.T.);
#1732=EDGE_CURVE('',#1382,#1383,#669,.T.);
#1733=EDGE_CURVE('',#1290,#1383,#670,.T.);
#1734=EDGE_CURVE('',#1383,#1384,#1160,.T.);
#1735=EDGE_CURVE('',#1289,#1384,#671,.T.);
#1736=EDGE_CURVE('',#1384,#1381,#672,.T.);
#1737=EDGE_CURVE('',#1275,#1385,#673,.T.);
#1738=EDGE_CURVE('',#1385,#1385,#1161,.T.);
#1739=EDGE_CURVE('',#1274,#1386,#674,.T.);
#1740=EDGE_CURVE('',#1386,#1386,#1162,.T.);
#1741=EDGE_CURVE('',#1273,#1387,#675,.T.);
#1742=EDGE_CURVE('',#1387,#1387,#1163,.T.);
#1743=EDGE_CURVE('',#1272,#1388,#676,.T.);
#1744=EDGE_CURVE('',#1388,#1388,#1164,.T.);
#1745=EDGE_CURVE('',#1271,#1389,#677,.T.);
#1746=EDGE_CURVE('',#1389,#1389,#1165,.T.);
#1747=EDGE_CURVE('',#1390,#1391,#678,.T.);
#1748=EDGE_CURVE('',#1390,#1266,#679,.T.);
#1749=EDGE_CURVE('',#1391,#1265,#680,.T.);
#1750=EDGE_CURVE('',#1391,#1392,#1166,.T.);
#1751=EDGE_CURVE('',#1392,#1264,#681,.T.);
#1752=EDGE_CURVE('',#1392,#1393,#682,.T.);
#1753=EDGE_CURVE('',#1263,#1393,#683,.T.);
#1754=EDGE_CURVE('',#1393,#1394,#1167,.T.);
#1755=EDGE_CURVE('',#1394,#1262,#684,.T.);
#1756=EDGE_CURVE('',#1394,#1395,#685,.T.);
#1757=EDGE_CURVE('',#1395,#1261,#686,.T.);
#1758=EDGE_CURVE('',#1395,#1396,#1168,.T.);
#1759=EDGE_CURVE('',#1396,#1268,#687,.T.);
#1760=EDGE_CURVE('',#1396,#1397,#688,.T.);
#1761=EDGE_CURVE('',#1397,#1267,#689,.T.);
#1762=EDGE_CURVE('',#1397,#1390,#1169,.T.);
#1763=EDGE_CURVE('',#1398,#1399,#690,.T.);
#1764=EDGE_CURVE('',#1286,#1398,#691,.T.);
#1765=EDGE_CURVE('',#1285,#1399,#692,.T.);
#1766=EDGE_CURVE('',#1399,#1400,#1170,.T.);
#1767=EDGE_CURVE('',#1284,#1400,#693,.T.);
#1768=EDGE_CURVE('',#1400,#1401,#694,.T.);
#1769=EDGE_CURVE('',#1283,#1401,#695,.T.);
#1770=EDGE_CURVE('',#1401,#1402,#1171,.T.);
#1771=EDGE_CURVE('',#1282,#1402,#696,.T.);
#1772=EDGE_CURVE('',#1402,#1403,#697,.T.);
#1773=EDGE_CURVE('',#1281,#1403,#698,.T.);
#1774=EDGE_CURVE('',#1403,#1404,#1172,.T.);
#1775=EDGE_CURVE('',#1288,#1404,#699,.T.);
#1776=EDGE_CURVE('',#1404,#1405,#700,.T.);
#1777=EDGE_CURVE('',#1287,#1405,#701,.T.);
#1778=EDGE_CURVE('',#1405,#1398,#1173,.T.);
#1779=EDGE_CURVE('',#1280,#1406,#702,.T.);
#1780=EDGE_CURVE('',#1406,#1406,#1174,.T.);
#1781=EDGE_CURVE('',#1227,#1407,#703,.T.);
#1782=EDGE_CURVE('',#1407,#1408,#704,.T.);
#1783=EDGE_CURVE('',#1408,#1409,#705,.T.);
#1784=EDGE_CURVE('',#1409,#1410,#706,.T.);
#1785=EDGE_CURVE('',#1410,#1229,#707,.T.);
#1786=EDGE_CURVE('',#1411,#1411,#1175,.T.);
#1787=EDGE_CURVE('',#1412,#1412,#1176,.T.);
#1788=EDGE_CURVE('',#1413,#1413,#1177,.T.);
#1789=EDGE_CURVE('',#1414,#1415,#708,.T.);
#1790=EDGE_CURVE('',#1415,#1416,#1178,.T.);
#1791=EDGE_CURVE('',#1416,#1417,#709,.T.);
#1792=EDGE_CURVE('',#1417,#1418,#1179,.T.);
#1793=EDGE_CURVE('',#1418,#1419,#710,.T.);
#1794=EDGE_CURVE('',#1419,#1420,#1180,.T.);
#1795=EDGE_CURVE('',#1420,#1421,#711,.T.);
#1796=EDGE_CURVE('',#1421,#1414,#1181,.T.);
#1797=EDGE_CURVE('',#1422,#1422,#1182,.T.);
#1798=EDGE_CURVE('',#1423,#1424,#712,.T.);
#1799=EDGE_CURVE('',#1424,#1425,#1183,.T.);
#1800=EDGE_CURVE('',#1425,#1426,#713,.T.);
#1801=EDGE_CURVE('',#1426,#1427,#1184,.T.);
#1802=EDGE_CURVE('',#1427,#1428,#714,.T.);
#1803=EDGE_CURVE('',#1428,#1429,#1185,.T.);
#1804=EDGE_CURVE('',#1429,#1430,#715,.T.);
#1805=EDGE_CURVE('',#1430,#1423,#1186,.T.);
#1806=EDGE_CURVE('',#1431,#1432,#716,.T.);
#1807=EDGE_CURVE('',#1432,#1433,#1187,.T.);
#1808=EDGE_CURVE('',#1433,#1434,#717,.T.);
#1809=EDGE_CURVE('',#1434,#1435,#1188,.T.);
#1810=EDGE_CURVE('',#1435,#1436,#718,.T.);
#1811=EDGE_CURVE('',#1436,#1437,#1189,.T.);
#1812=EDGE_CURVE('',#1437,#1438,#719,.T.);
#1813=EDGE_CURVE('',#1438,#1431,#1190,.T.);
#1814=EDGE_CURVE('',#1439,#1440,#720,.T.);
#1815=EDGE_CURVE('',#1440,#1441,#1191,.T.);
#1816=EDGE_CURVE('',#1441,#1442,#721,.T.);
#1817=EDGE_CURVE('',#1442,#1443,#1192,.T.);
#1818=EDGE_CURVE('',#1443,#1444,#722,.T.);
#1819=EDGE_CURVE('',#1444,#1445,#1193,.T.);
#1820=EDGE_CURVE('',#1445,#1446,#723,.T.);
#1821=EDGE_CURVE('',#1446,#1439,#1194,.T.);
#1822=EDGE_CURVE('',#1447,#1448,#724,.T.);
#1823=EDGE_CURVE('',#1448,#1449,#1195,.T.);
#1824=EDGE_CURVE('',#1449,#1450,#725,.T.);
#1825=EDGE_CURVE('',#1450,#1451,#1196,.T.);
#1826=EDGE_CURVE('',#1451,#1452,#726,.T.);
#1827=EDGE_CURVE('',#1452,#1453,#1197,.T.);
#1828=EDGE_CURVE('',#1453,#1454,#727,.T.);
#1829=EDGE_CURVE('',#1454,#1447,#1198,.T.);
#1830=EDGE_CURVE('',#1455,#1455,#1199,.T.);
#1831=EDGE_CURVE('',#1455,#1456,#728,.T.);
#1832=EDGE_CURVE('',#1456,#1456,#1200,.T.);
#1833=EDGE_CURVE('',#1457,#1457,#1201,.T.);
#1834=EDGE_CURVE('',#1457,#1411,#729,.T.);
#1835=EDGE_CURVE('',#1447,#1458,#730,.T.);
#1836=EDGE_CURVE('',#1459,#1458,#731,.T.);
#1837=EDGE_CURVE('',#1448,#1459,#732,.T.);
#1838=EDGE_CURVE('',#1460,#1459,#1202,.T.);
#1839=EDGE_CURVE('',#1449,#1460,#733,.T.);
#1840=EDGE_CURVE('',#1461,#1460,#734,.T.);
#1841=EDGE_CURVE('',#1450,#1461,#735,.T.);
#1842=EDGE_CURVE('',#1462,#1461,#1203,.T.);
#1843=EDGE_CURVE('',#1451,#1462,#736,.T.);
#1844=EDGE_CURVE('',#1463,#1462,#737,.T.);
#1845=EDGE_CURVE('',#1452,#1463,#738,.T.);
#1846=EDGE_CURVE('',#1464,#1463,#1204,.T.);
#1847=EDGE_CURVE('',#1453,#1464,#739,.T.);
#1848=EDGE_CURVE('',#1465,#1464,#740,.T.);
#1849=EDGE_CURVE('',#1454,#1465,#741,.T.);
#1850=EDGE_CURVE('',#1458,#1465,#1205,.T.);
#1851=EDGE_CURVE('',#1439,#1466,#742,.T.);
#1852=EDGE_CURVE('',#1467,#1466,#743,.T.);
#1853=EDGE_CURVE('',#1440,#1467,#744,.T.);
#1854=EDGE_CURVE('',#1468,#1467,#1206,.T.);
#1855=EDGE_CURVE('',#1441,#1468,#745,.T.);
#1856=EDGE_CURVE('',#1469,#1468,#746,.T.);
#1857=EDGE_CURVE('',#1442,#1469,#747,.T.);
#1858=EDGE_CURVE('',#1470,#1469,#1207,.T.);
#1859=EDGE_CURVE('',#1443,#1470,#748,.T.);
#1860=EDGE_CURVE('',#1471,#1470,#749,.T.);
#1861=EDGE_CURVE('',#1444,#1471,#750,.T.);
#1862=EDGE_CURVE('',#1472,#1471,#1208,.T.);
#1863=EDGE_CURVE('',#1445,#1472,#751,.T.);
#1864=EDGE_CURVE('',#1473,#1472,#752,.T.);
#1865=EDGE_CURVE('',#1446,#1473,#753,.T.);
#1866=EDGE_CURVE('',#1466,#1473,#1209,.T.);
#1867=EDGE_CURVE('',#1431,#1474,#754,.T.);
#1868=EDGE_CURVE('',#1475,#1474,#755,.T.);
#1869=EDGE_CURVE('',#1432,#1475,#756,.T.);
#1870=EDGE_CURVE('',#1476,#1475,#1210,.T.);
#1871=EDGE_CURVE('',#1433,#1476,#757,.T.);
#1872=EDGE_CURVE('',#1477,#1476,#758,.T.);
#1873=EDGE_CURVE('',#1434,#1477,#759,.T.);
#1874=EDGE_CURVE('',#1478,#1477,#1211,.T.);
#1875=EDGE_CURVE('',#1435,#1478,#760,.T.);
#1876=EDGE_CURVE('',#1479,#1478,#761,.T.);
#1877=EDGE_CURVE('',#1436,#1479,#762,.T.);
#1878=EDGE_CURVE('',#1480,#1479,#1212,.T.);
#1879=EDGE_CURVE('',#1437,#1480,#763,.T.);
#1880=EDGE_CURVE('',#1481,#1480,#764,.T.);
#1881=EDGE_CURVE('',#1438,#1481,#765,.T.);
#1882=EDGE_CURVE('',#1474,#1481,#1213,.T.);
#1883=EDGE_CURVE('',#1423,#1482,#766,.T.);
#1884=EDGE_CURVE('',#1483,#1482,#767,.T.);
#1885=EDGE_CURVE('',#1424,#1483,#768,.T.);
#1886=EDGE_CURVE('',#1484,#1483,#1214,.T.);
#1887=EDGE_CURVE('',#1425,#1484,#769,.T.);
#1888=EDGE_CURVE('',#1485,#1484,#770,.T.);
#1889=EDGE_CURVE('',#1426,#1485,#771,.T.);
#1890=EDGE_CURVE('',#1486,#1485,#1215,.T.);
#1891=EDGE_CURVE('',#1427,#1486,#772,.T.);
#1892=EDGE_CURVE('',#1487,#1486,#773,.T.);
#1893=EDGE_CURVE('',#1428,#1487,#774,.T.);
#1894=EDGE_CURVE('',#1488,#1487,#1216,.T.);
#1895=EDGE_CURVE('',#1429,#1488,#775,.T.);
#1896=EDGE_CURVE('',#1489,#1488,#776,.T.);
#1897=EDGE_CURVE('',#1430,#1489,#777,.T.);
#1898=EDGE_CURVE('',#1482,#1489,#1217,.T.);
#1899=EDGE_CURVE('',#1490,#1490,#1218,.T.);
#1900=EDGE_CURVE('',#1490,#1422,#778,.T.);
#1901=EDGE_CURVE('',#1414,#1491,#779,.T.);
#1902=EDGE_CURVE('',#1492,#1491,#780,.T.);
#1903=EDGE_CURVE('',#1415,#1492,#781,.T.);
#1904=EDGE_CURVE('',#1493,#1492,#1219,.T.);
#1905=EDGE_CURVE('',#1416,#1493,#782,.T.);
#1906=EDGE_CURVE('',#1494,#1493,#783,.T.);
#1907=EDGE_CURVE('',#1417,#1494,#784,.T.);
#1908=EDGE_CURVE('',#1495,#1494,#1220,.T.);
#1909=EDGE_CURVE('',#1418,#1495,#785,.T.);
#1910=EDGE_CURVE('',#1496,#1495,#786,.T.);
#1911=EDGE_CURVE('',#1419,#1496,#787,.T.);
#1912=EDGE_CURVE('',#1497,#1496,#1221,.T.);
#1913=EDGE_CURVE('',#1420,#1497,#788,.T.);
#1914=EDGE_CURVE('',#1498,#1497,#789,.T.);
#1915=EDGE_CURVE('',#1421,#1498,#790,.T.);
#1916=EDGE_CURVE('',#1491,#1498,#1222,.T.);
#1917=EDGE_CURVE('',#1499,#1499,#1223,.T.);
#1918=EDGE_CURVE('',#1499,#1413,#791,.T.);
#1919=EDGE_CURVE('',#1500,#1500,#1224,.T.);
#1920=EDGE_CURVE('',#1500,#1412,#792,.T.);
#1921=EDGE_CURVE('',#1501,#1226,#793,.T.);
#1922=EDGE_CURVE('',#1407,#1501,#794,.T.);
#1923=EDGE_CURVE('',#1502,#1501,#795,.T.);
#1924=EDGE_CURVE('',#1408,#1502,#796,.T.);
#1925=EDGE_CURVE('',#1503,#1502,#797,.T.);
#1926=EDGE_CURVE('',#1409,#1503,#798,.T.);
#1927=EDGE_CURVE('',#1504,#1503,#799,.T.);
#1928=EDGE_CURVE('',#1410,#1504,#800,.T.);
#1929=EDGE_CURVE('',#1230,#1504,#801,.T.);
#1930=ORIENTED_EDGE('',*,*,#1505,.T.);
#1931=ORIENTED_EDGE('',*,*,#1506,.T.);
#1932=ORIENTED_EDGE('',*,*,#1507,.T.);
#1933=ORIENTED_EDGE('',*,*,#1508,.T.);
#1934=ORIENTED_EDGE('',*,*,#1508,.F.);
#1935=ORIENTED_EDGE('',*,*,#1509,.F.);
#1936=ORIENTED_EDGE('',*,*,#1510,.T.);
#1937=ORIENTED_EDGE('',*,*,#1511,.F.);
#1938=ORIENTED_EDGE('',*,*,#1512,.F.);
#1939=ORIENTED_EDGE('',*,*,#1513,.T.);
#1940=ORIENTED_EDGE('',*,*,#1514,.T.);
#1941=ORIENTED_EDGE('',*,*,#1515,.T.);
#1942=ORIENTED_EDGE('',*,*,#1516,.F.);
#1943=ORIENTED_EDGE('',*,*,#1513,.F.);
#1944=ORIENTED_EDGE('',*,*,#1517,.F.);
#1945=ORIENTED_EDGE('',*,*,#1518,.F.);
#1946=ORIENTED_EDGE('',*,*,#1519,.F.);
#1947=ORIENTED_EDGE('',*,*,#1520,.T.);
#1948=ORIENTED_EDGE('',*,*,#1521,.T.);
#1949=ORIENTED_EDGE('',*,*,#1522,.T.);
#1950=ORIENTED_EDGE('',*,*,#1523,.F.);
#1951=ORIENTED_EDGE('',*,*,#1516,.T.);
#1952=ORIENTED_EDGE('',*,*,#1521,.F.);
#1953=ORIENTED_EDGE('',*,*,#1524,.T.);
#1954=ORIENTED_EDGE('',*,*,#1525,.T.);
#1955=ORIENTED_EDGE('',*,*,#1526,.T.);
#1956=ORIENTED_EDGE('',*,*,#1527,.T.);
#1957=ORIENTED_EDGE('',*,*,#1528,.T.);
#1958=ORIENTED_EDGE('',*,*,#1525,.F.);
#1959=ORIENTED_EDGE('',*,*,#1529,.T.);
#1960=ORIENTED_EDGE('',*,*,#1527,.F.);
#1961=ORIENTED_EDGE('',*,*,#1530,.T.);
#1962=ORIENTED_EDGE('',*,*,#1531,.T.);
#1963=ORIENTED_EDGE('',*,*,#1532,.T.);
#1964=ORIENTED_EDGE('',*,*,#1533,.T.);
#1965=ORIENTED_EDGE('',*,*,#1534,.T.);
#1966=ORIENTED_EDGE('',*,*,#1531,.F.);
#1967=ORIENTED_EDGE('',*,*,#1535,.T.);
#1968=ORIENTED_EDGE('',*,*,#1533,.F.);
#1969=ORIENTED_EDGE('',*,*,#1536,.T.);
#1970=ORIENTED_EDGE('',*,*,#1537,.T.);
#1971=ORIENTED_EDGE('',*,*,#1538,.T.);
#1972=ORIENTED_EDGE('',*,*,#1539,.T.);
#1973=ORIENTED_EDGE('',*,*,#1540,.T.);
#1974=ORIENTED_EDGE('',*,*,#1537,.F.);
#1975=ORIENTED_EDGE('',*,*,#1541,.T.);
#1976=ORIENTED_EDGE('',*,*,#1539,.F.);
#1977=ORIENTED_EDGE('',*,*,#1542,.T.);
#1978=ORIENTED_EDGE('',*,*,#1543,.T.);
#1979=ORIENTED_EDGE('',*,*,#1544,.T.);
#1980=ORIENTED_EDGE('',*,*,#1545,.T.);
#1981=ORIENTED_EDGE('',*,*,#1546,.T.);
#1982=ORIENTED_EDGE('',*,*,#1543,.F.);
#1983=ORIENTED_EDGE('',*,*,#1547,.T.);
#1984=ORIENTED_EDGE('',*,*,#1545,.F.);
#1985=ORIENTED_EDGE('',*,*,#1548,.T.);
#1986=ORIENTED_EDGE('',*,*,#1549,.T.);
#1987=ORIENTED_EDGE('',*,*,#1550,.T.);
#1988=ORIENTED_EDGE('',*,*,#1551,.T.);
#1989=ORIENTED_EDGE('',*,*,#1549,.F.);
#1990=ORIENTED_EDGE('',*,*,#1517,.T.);
#1991=ORIENTED_EDGE('',*,*,#1512,.T.);
#1992=ORIENTED_EDGE('',*,*,#1523,.T.);
#1993=ORIENTED_EDGE('',*,*,#1536,.F.);
#1994=ORIENTED_EDGE('',*,*,#1552,.T.);
#1995=ORIENTED_EDGE('',*,*,#1553,.T.);
#1996=ORIENTED_EDGE('',*,*,#1554,.T.);
#1997=ORIENTED_EDGE('',*,*,#1535,.F.);
#1998=ORIENTED_EDGE('',*,*,#1555,.F.);
#1999=ORIENTED_EDGE('',*,*,#1556,.F.);
#2000=ORIENTED_EDGE('',*,*,#1552,.F.);
#2001=ORIENTED_EDGE('',*,*,#1557,.T.);
#2002=ORIENTED_EDGE('',*,*,#1558,.T.);
#2003=ORIENTED_EDGE('',*,*,#1559,.T.);
#2004=ORIENTED_EDGE('',*,*,#1560,.T.);
#2005=ORIENTED_EDGE('',*,*,#1561,.T.);
#2006=ORIENTED_EDGE('',*,*,#1562,.T.);
#2007=ORIENTED_EDGE('',*,*,#1563,.T.);
#2008=ORIENTED_EDGE('',*,*,#1564,.T.);
#2009=ORIENTED_EDGE('',*,*,#1530,.F.);
#2010=ORIENTED_EDGE('',*,*,#1565,.T.);
#2011=ORIENTED_EDGE('',*,*,#1566,.T.);
#2012=ORIENTED_EDGE('',*,*,#1555,.T.);
#2013=ORIENTED_EDGE('',*,*,#1529,.F.);
#2014=ORIENTED_EDGE('',*,*,#1567,.F.);
#2015=ORIENTED_EDGE('',*,*,#1568,.F.);
#2016=ORIENTED_EDGE('',*,*,#1565,.F.);
#2017=ORIENTED_EDGE('',*,*,#1569,.T.);
#2018=ORIENTED_EDGE('',*,*,#1570,.T.);
#2019=ORIENTED_EDGE('',*,*,#1571,.T.);
#2020=ORIENTED_EDGE('',*,*,#1572,.T.);
#2021=ORIENTED_EDGE('',*,*,#1573,.T.);
#2022=ORIENTED_EDGE('',*,*,#1524,.F.);
#2023=ORIENTED_EDGE('',*,*,#1574,.T.);
#2024=ORIENTED_EDGE('',*,*,#1575,.T.);
#2025=ORIENTED_EDGE('',*,*,#1567,.T.);
#2026=ORIENTED_EDGE('',*,*,#1515,.F.);
#2027=ORIENTED_EDGE('',*,*,#1576,.F.);
#2028=ORIENTED_EDGE('',*,*,#1574,.F.);
#2029=ORIENTED_EDGE('',*,*,#1520,.F.);
#2030=ORIENTED_EDGE('',*,*,#1522,.F.);
#2031=ORIENTED_EDGE('',*,*,#1526,.F.);
#2032=ORIENTED_EDGE('',*,*,#1528,.F.);
#2033=ORIENTED_EDGE('',*,*,#1532,.F.);
#2034=ORIENTED_EDGE('',*,*,#1534,.F.);
#2035=ORIENTED_EDGE('',*,*,#1538,.F.);
#2036=ORIENTED_EDGE('',*,*,#1540,.F.);
#2037=ORIENTED_EDGE('',*,*,#1544,.F.);
#2038=ORIENTED_EDGE('',*,*,#1546,.F.);
#2039=ORIENTED_EDGE('',*,*,#1550,.F.);
#2040=ORIENTED_EDGE('',*,*,#1551,.F.);
#2041=ORIENTED_EDGE('',*,*,#1548,.F.);
#2042=ORIENTED_EDGE('',*,*,#1577,.T.);
#2043=ORIENTED_EDGE('',*,*,#1578,.T.);
#2044=ORIENTED_EDGE('',*,*,#1518,.T.);
#2045=ORIENTED_EDGE('',*,*,#1547,.F.);
#2046=ORIENTED_EDGE('',*,*,#1579,.F.);
#2047=ORIENTED_EDGE('',*,*,#1580,.F.);
#2048=ORIENTED_EDGE('',*,*,#1577,.F.);
#2049=ORIENTED_EDGE('',*,*,#1541,.F.);
#2050=ORIENTED_EDGE('',*,*,#1554,.F.);
#2051=ORIENTED_EDGE('',*,*,#1581,.F.);
#2052=ORIENTED_EDGE('',*,*,#1582,.F.);
#2053=ORIENTED_EDGE('',*,*,#1583,.T.);
#2054=ORIENTED_EDGE('',*,*,#1584,.T.);
#2055=ORIENTED_EDGE('',*,*,#1585,.T.);
#2056=ORIENTED_EDGE('',*,*,#1586,.T.);
#2057=ORIENTED_EDGE('',*,*,#1587,.T.);
#2058=ORIENTED_EDGE('',*,*,#1588,.T.);
#2059=ORIENTED_EDGE('',*,*,#1589,.T.);
#2060=ORIENTED_EDGE('',*,*,#1590,.T.);
#2061=ORIENTED_EDGE('',*,*,#1591,.T.);
#2062=ORIENTED_EDGE('',*,*,#1592,.T.);
#2063=ORIENTED_EDGE('',*,*,#1593,.T.);
#2064=ORIENTED_EDGE('',*,*,#1594,.T.);
#2065=ORIENTED_EDGE('',*,*,#1595,.T.);
#2066=ORIENTED_EDGE('',*,*,#1596,.T.);
#2067=ORIENTED_EDGE('',*,*,#1597,.T.);
#2068=ORIENTED_EDGE('',*,*,#1598,.T.);
#2069=ORIENTED_EDGE('',*,*,#1599,.T.);
#2070=ORIENTED_EDGE('',*,*,#1600,.T.);
#2071=ORIENTED_EDGE('',*,*,#1601,.T.);
#2072=ORIENTED_EDGE('',*,*,#1602,.T.);
#2073=ORIENTED_EDGE('',*,*,#1603,.T.);
#2074=ORIENTED_EDGE('',*,*,#1604,.T.);
#2075=ORIENTED_EDGE('',*,*,#1605,.T.);
#2076=ORIENTED_EDGE('',*,*,#1606,.T.);
#2077=ORIENTED_EDGE('',*,*,#1607,.T.);
#2078=ORIENTED_EDGE('',*,*,#1608,.T.);
#2079=ORIENTED_EDGE('',*,*,#1609,.T.);
#2080=ORIENTED_EDGE('',*,*,#1610,.T.);
#2081=ORIENTED_EDGE('',*,*,#1611,.T.);
#2082=ORIENTED_EDGE('',*,*,#1612,.T.);
#2083=ORIENTED_EDGE('',*,*,#1613,.T.);
#2084=ORIENTED_EDGE('',*,*,#1614,.T.);
#2085=ORIENTED_EDGE('',*,*,#1615,.T.);
#2086=ORIENTED_EDGE('',*,*,#1616,.T.);
#2087=ORIENTED_EDGE('',*,*,#1617,.T.);
#2088=ORIENTED_EDGE('',*,*,#1618,.T.);
#2089=ORIENTED_EDGE('',*,*,#1619,.T.);
#2090=ORIENTED_EDGE('',*,*,#1620,.T.);
#2091=ORIENTED_EDGE('',*,*,#1621,.T.);
#2092=ORIENTED_EDGE('',*,*,#1622,.T.);
#2093=ORIENTED_EDGE('',*,*,#1623,.T.);
#2094=ORIENTED_EDGE('',*,*,#1624,.T.);
#2095=ORIENTED_EDGE('',*,*,#1625,.T.);
#2096=ORIENTED_EDGE('',*,*,#1626,.T.);
#2097=ORIENTED_EDGE('',*,*,#1627,.T.);
#2098=ORIENTED_EDGE('',*,*,#1628,.T.);
#2099=ORIENTED_EDGE('',*,*,#1629,.T.);
#2100=ORIENTED_EDGE('',*,*,#1630,.T.);
#2101=ORIENTED_EDGE('',*,*,#1631,.T.);
#2102=ORIENTED_EDGE('',*,*,#1632,.T.);
#2103=ORIENTED_EDGE('',*,*,#1633,.T.);
#2104=ORIENTED_EDGE('',*,*,#1634,.T.);
#2105=ORIENTED_EDGE('',*,*,#1635,.T.);
#2106=ORIENTED_EDGE('',*,*,#1636,.T.);
#2107=ORIENTED_EDGE('',*,*,#1637,.T.);
#2108=ORIENTED_EDGE('',*,*,#1638,.T.);
#2109=ORIENTED_EDGE('',*,*,#1639,.T.);
#2110=ORIENTED_EDGE('',*,*,#1542,.F.);
#2111=ORIENTED_EDGE('',*,*,#1582,.T.);
#2112=ORIENTED_EDGE('',*,*,#1640,.T.);
#2113=ORIENTED_EDGE('',*,*,#1579,.T.);
#2114=ORIENTED_EDGE('',*,*,#1641,.F.);
#2115=ORIENTED_EDGE('',*,*,#1642,.F.);
#2116=ORIENTED_EDGE('',*,*,#1638,.F.);
#2117=ORIENTED_EDGE('',*,*,#1643,.T.);
#2118=ORIENTED_EDGE('',*,*,#1644,.F.);
#2119=ORIENTED_EDGE('',*,*,#1643,.F.);
#2120=ORIENTED_EDGE('',*,*,#1637,.F.);
#2121=ORIENTED_EDGE('',*,*,#1645,.T.);
#2122=ORIENTED_EDGE('',*,*,#1646,.F.);
#2123=ORIENTED_EDGE('',*,*,#1645,.F.);
#2124=ORIENTED_EDGE('',*,*,#1636,.F.);
#2125=ORIENTED_EDGE('',*,*,#1647,.T.);
#2126=ORIENTED_EDGE('',*,*,#1648,.F.);
#2127=ORIENTED_EDGE('',*,*,#1647,.F.);
#2128=ORIENTED_EDGE('',*,*,#1639,.F.);
#2129=ORIENTED_EDGE('',*,*,#1642,.T.);
#2130=ORIENTED_EDGE('',*,*,#1649,.F.);
#2131=ORIENTED_EDGE('',*,*,#1650,.F.);
#2132=ORIENTED_EDGE('',*,*,#1634,.F.);
#2133=ORIENTED_EDGE('',*,*,#1651,.T.);
#2134=ORIENTED_EDGE('',*,*,#1652,.F.);
#2135=ORIENTED_EDGE('',*,*,#1651,.F.);
#2136=ORIENTED_EDGE('',*,*,#1633,.F.);
#2137=ORIENTED_EDGE('',*,*,#1653,.T.);
#2138=ORIENTED_EDGE('',*,*,#1654,.F.);
#2139=ORIENTED_EDGE('',*,*,#1653,.F.);
#2140=ORIENTED_EDGE('',*,*,#1632,.F.);
#2141=ORIENTED_EDGE('',*,*,#1655,.T.);
#2142=ORIENTED_EDGE('',*,*,#1656,.F.);
#2143=ORIENTED_EDGE('',*,*,#1655,.F.);
#2144=ORIENTED_EDGE('',*,*,#1635,.F.);
#2145=ORIENTED_EDGE('',*,*,#1650,.T.);
#2146=ORIENTED_EDGE('',*,*,#1657,.F.);
#2147=ORIENTED_EDGE('',*,*,#1658,.F.);
#2148=ORIENTED_EDGE('',*,*,#1630,.F.);
#2149=ORIENTED_EDGE('',*,*,#1659,.T.);
#2150=ORIENTED_EDGE('',*,*,#1660,.F.);
#2151=ORIENTED_EDGE('',*,*,#1659,.F.);
#2152=ORIENTED_EDGE('',*,*,#1629,.F.);
#2153=ORIENTED_EDGE('',*,*,#1661,.T.);
#2154=ORIENTED_EDGE('',*,*,#1662,.F.);
#2155=ORIENTED_EDGE('',*,*,#1661,.F.);
#2156=ORIENTED_EDGE('',*,*,#1628,.F.);
#2157=ORIENTED_EDGE('',*,*,#1663,.T.);
#2158=ORIENTED_EDGE('',*,*,#1664,.F.);
#2159=ORIENTED_EDGE('',*,*,#1663,.F.);
#2160=ORIENTED_EDGE('',*,*,#1631,.F.);
#2161=ORIENTED_EDGE('',*,*,#1658,.T.);
#2162=ORIENTED_EDGE('',*,*,#1665,.F.);
#2163=ORIENTED_EDGE('',*,*,#1666,.F.);
#2164=ORIENTED_EDGE('',*,*,#1626,.F.);
#2165=ORIENTED_EDGE('',*,*,#1667,.T.);
#2166=ORIENTED_EDGE('',*,*,#1668,.F.);
#2167=ORIENTED_EDGE('',*,*,#1667,.F.);
#2168=ORIENTED_EDGE('',*,*,#1625,.F.);
#2169=ORIENTED_EDGE('',*,*,#1669,.T.);
#2170=ORIENTED_EDGE('',*,*,#1670,.F.);
#2171=ORIENTED_EDGE('',*,*,#1669,.F.);
#2172=ORIENTED_EDGE('',*,*,#1624,.F.);
#2173=ORIENTED_EDGE('',*,*,#1671,.T.);
#2174=ORIENTED_EDGE('',*,*,#1672,.F.);
#2175=ORIENTED_EDGE('',*,*,#1671,.F.);
#2176=ORIENTED_EDGE('',*,*,#1627,.F.);
#2177=ORIENTED_EDGE('',*,*,#1666,.T.);
#2178=ORIENTED_EDGE('',*,*,#1673,.F.);
#2179=ORIENTED_EDGE('',*,*,#1674,.F.);
#2180=ORIENTED_EDGE('',*,*,#1622,.F.);
#2181=ORIENTED_EDGE('',*,*,#1675,.T.);
#2182=ORIENTED_EDGE('',*,*,#1676,.F.);
#2183=ORIENTED_EDGE('',*,*,#1675,.F.);
#2184=ORIENTED_EDGE('',*,*,#1621,.F.);
#2185=ORIENTED_EDGE('',*,*,#1677,.T.);
#2186=ORIENTED_EDGE('',*,*,#1678,.F.);
#2187=ORIENTED_EDGE('',*,*,#1677,.F.);
#2188=ORIENTED_EDGE('',*,*,#1620,.F.);
#2189=ORIENTED_EDGE('',*,*,#1679,.T.);
#2190=ORIENTED_EDGE('',*,*,#1680,.F.);
#2191=ORIENTED_EDGE('',*,*,#1679,.F.);
#2192=ORIENTED_EDGE('',*,*,#1623,.F.);
#2193=ORIENTED_EDGE('',*,*,#1674,.T.);
#2194=ORIENTED_EDGE('',*,*,#1681,.F.);
#2195=ORIENTED_EDGE('',*,*,#1682,.F.);
#2196=ORIENTED_EDGE('',*,*,#1618,.F.);
#2197=ORIENTED_EDGE('',*,*,#1683,.T.);
#2198=ORIENTED_EDGE('',*,*,#1684,.F.);
#2199=ORIENTED_EDGE('',*,*,#1683,.F.);
#2200=ORIENTED_EDGE('',*,*,#1617,.F.);
#2201=ORIENTED_EDGE('',*,*,#1685,.T.);
#2202=ORIENTED_EDGE('',*,*,#1686,.F.);
#2203=ORIENTED_EDGE('',*,*,#1685,.F.);
#2204=ORIENTED_EDGE('',*,*,#1616,.F.);
#2205=ORIENTED_EDGE('',*,*,#1687,.T.);
#2206=ORIENTED_EDGE('',*,*,#1688,.F.);
#2207=ORIENTED_EDGE('',*,*,#1687,.F.);
#2208=ORIENTED_EDGE('',*,*,#1619,.F.);
#2209=ORIENTED_EDGE('',*,*,#1682,.T.);
#2210=ORIENTED_EDGE('',*,*,#1689,.F.);
#2211=ORIENTED_EDGE('',*,*,#1690,.F.);
#2212=ORIENTED_EDGE('',*,*,#1614,.F.);
#2213=ORIENTED_EDGE('',*,*,#1691,.T.);
#2214=ORIENTED_EDGE('',*,*,#1692,.F.);
#2215=ORIENTED_EDGE('',*,*,#1691,.F.);
#2216=ORIENTED_EDGE('',*,*,#1613,.F.);
#2217=ORIENTED_EDGE('',*,*,#1693,.T.);
#2218=ORIENTED_EDGE('',*,*,#1694,.F.);
#2219=ORIENTED_EDGE('',*,*,#1693,.F.);
#2220=ORIENTED_EDGE('',*,*,#1612,.F.);
#2221=ORIENTED_EDGE('',*,*,#1695,.T.);
#2222=ORIENTED_EDGE('',*,*,#1696,.F.);
#2223=ORIENTED_EDGE('',*,*,#1695,.F.);
#2224=ORIENTED_EDGE('',*,*,#1615,.F.);
#2225=ORIENTED_EDGE('',*,*,#1690,.T.);
#2226=ORIENTED_EDGE('',*,*,#1697,.F.);
#2227=ORIENTED_EDGE('',*,*,#1698,.F.);
#2228=ORIENTED_EDGE('',*,*,#1610,.F.);
#2229=ORIENTED_EDGE('',*,*,#1699,.T.);
#2230=ORIENTED_EDGE('',*,*,#1700,.F.);
#2231=ORIENTED_EDGE('',*,*,#1699,.F.);
#2232=ORIENTED_EDGE('',*,*,#1609,.F.);
#2233=ORIENTED_EDGE('',*,*,#1701,.T.);
#2234=ORIENTED_EDGE('',*,*,#1702,.F.);
#2235=ORIENTED_EDGE('',*,*,#1701,.F.);
#2236=ORIENTED_EDGE('',*,*,#1608,.F.);
#2237=ORIENTED_EDGE('',*,*,#1703,.T.);
#2238=ORIENTED_EDGE('',*,*,#1704,.F.);
#2239=ORIENTED_EDGE('',*,*,#1703,.F.);
#2240=ORIENTED_EDGE('',*,*,#1611,.F.);
#2241=ORIENTED_EDGE('',*,*,#1698,.T.);
#2242=ORIENTED_EDGE('',*,*,#1705,.F.);
#2243=ORIENTED_EDGE('',*,*,#1706,.F.);
#2244=ORIENTED_EDGE('',*,*,#1606,.F.);
#2245=ORIENTED_EDGE('',*,*,#1707,.T.);
#2246=ORIENTED_EDGE('',*,*,#1708,.F.);
#2247=ORIENTED_EDGE('',*,*,#1707,.F.);
#2248=ORIENTED_EDGE('',*,*,#1605,.F.);
#2249=ORIENTED_EDGE('',*,*,#1709,.T.);
#2250=ORIENTED_EDGE('',*,*,#1710,.F.);
#2251=ORIENTED_EDGE('',*,*,#1709,.F.);
#2252=ORIENTED_EDGE('',*,*,#1604,.F.);
#2253=ORIENTED_EDGE('',*,*,#1711,.T.);
#2254=ORIENTED_EDGE('',*,*,#1712,.F.);
#2255=ORIENTED_EDGE('',*,*,#1711,.F.);
#2256=ORIENTED_EDGE('',*,*,#1607,.F.);
#2257=ORIENTED_EDGE('',*,*,#1706,.T.);
#2258=ORIENTED_EDGE('',*,*,#1713,.F.);
#2259=ORIENTED_EDGE('',*,*,#1714,.F.);
#2260=ORIENTED_EDGE('',*,*,#1602,.F.);
#2261=ORIENTED_EDGE('',*,*,#1715,.T.);
#2262=ORIENTED_EDGE('',*,*,#1716,.F.);
#2263=ORIENTED_EDGE('',*,*,#1715,.F.);
#2264=ORIENTED_EDGE('',*,*,#1601,.F.);
#2265=ORIENTED_EDGE('',*,*,#1717,.T.);
#2266=ORIENTED_EDGE('',*,*,#1718,.F.);
#2267=ORIENTED_EDGE('',*,*,#1717,.F.);
#2268=ORIENTED_EDGE('',*,*,#1600,.F.);
#2269=ORIENTED_EDGE('',*,*,#1719,.T.);
#2270=ORIENTED_EDGE('',*,*,#1720,.F.);
#2271=ORIENTED_EDGE('',*,*,#1719,.F.);
#2272=ORIENTED_EDGE('',*,*,#1603,.F.);
#2273=ORIENTED_EDGE('',*,*,#1714,.T.);
#2274=ORIENTED_EDGE('',*,*,#1721,.F.);
#2275=ORIENTED_EDGE('',*,*,#1722,.F.);
#2276=ORIENTED_EDGE('',*,*,#1598,.F.);
#2277=ORIENTED_EDGE('',*,*,#1723,.T.);
#2278=ORIENTED_EDGE('',*,*,#1724,.F.);
#2279=ORIENTED_EDGE('',*,*,#1723,.F.);
#2280=ORIENTED_EDGE('',*,*,#1597,.F.);
#2281=ORIENTED_EDGE('',*,*,#1725,.T.);
#2282=ORIENTED_EDGE('',*,*,#1726,.F.);
#2283=ORIENTED_EDGE('',*,*,#1725,.F.);
#2284=ORIENTED_EDGE('',*,*,#1596,.F.);
#2285=ORIENTED_EDGE('',*,*,#1727,.T.);
#2286=ORIENTED_EDGE('',*,*,#1728,.F.);
#2287=ORIENTED_EDGE('',*,*,#1727,.F.);
#2288=ORIENTED_EDGE('',*,*,#1599,.F.);
#2289=ORIENTED_EDGE('',*,*,#1722,.T.);
#2290=ORIENTED_EDGE('',*,*,#1729,.F.);
#2291=ORIENTED_EDGE('',*,*,#1730,.F.);
#2292=ORIENTED_EDGE('',*,*,#1594,.F.);
#2293=ORIENTED_EDGE('',*,*,#1731,.T.);
#2294=ORIENTED_EDGE('',*,*,#1732,.F.);
#2295=ORIENTED_EDGE('',*,*,#1731,.F.);
#2296=ORIENTED_EDGE('',*,*,#1593,.F.);
#2297=ORIENTED_EDGE('',*,*,#1733,.T.);
#2298=ORIENTED_EDGE('',*,*,#1734,.F.);
#2299=ORIENTED_EDGE('',*,*,#1733,.F.);
#2300=ORIENTED_EDGE('',*,*,#1592,.F.);
#2301=ORIENTED_EDGE('',*,*,#1735,.T.);
#2302=ORIENTED_EDGE('',*,*,#1736,.F.);
#2303=ORIENTED_EDGE('',*,*,#1735,.F.);
#2304=ORIENTED_EDGE('',*,*,#1595,.F.);
#2305=ORIENTED_EDGE('',*,*,#1730,.T.);
#2306=ORIENTED_EDGE('',*,*,#1573,.F.);
#2307=ORIENTED_EDGE('',*,*,#1737,.T.);
#2308=ORIENTED_EDGE('',*,*,#1738,.F.);
#2309=ORIENTED_EDGE('',*,*,#1737,.F.);
#2310=ORIENTED_EDGE('',*,*,#1572,.F.);
#2311=ORIENTED_EDGE('',*,*,#1739,.T.);
#2312=ORIENTED_EDGE('',*,*,#1740,.F.);
#2313=ORIENTED_EDGE('',*,*,#1739,.F.);
#2314=ORIENTED_EDGE('',*,*,#1571,.F.);
#2315=ORIENTED_EDGE('',*,*,#1741,.T.);
#2316=ORIENTED_EDGE('',*,*,#1742,.F.);
#2317=ORIENTED_EDGE('',*,*,#1741,.F.);
#2318=ORIENTED_EDGE('',*,*,#1570,.F.);
#2319=ORIENTED_EDGE('',*,*,#1743,.T.);
#2320=ORIENTED_EDGE('',*,*,#1744,.F.);
#2321=ORIENTED_EDGE('',*,*,#1743,.F.);
#2322=ORIENTED_EDGE('',*,*,#1569,.F.);
#2323=ORIENTED_EDGE('',*,*,#1745,.T.);
#2324=ORIENTED_EDGE('',*,*,#1746,.F.);
#2325=ORIENTED_EDGE('',*,*,#1745,.F.);
#2326=ORIENTED_EDGE('',*,*,#1747,.F.);
#2327=ORIENTED_EDGE('',*,*,#1748,.T.);
#2328=ORIENTED_EDGE('',*,*,#1561,.F.);
#2329=ORIENTED_EDGE('',*,*,#1749,.F.);
#2330=ORIENTED_EDGE('',*,*,#1750,.F.);
#2331=ORIENTED_EDGE('',*,*,#1749,.T.);
#2332=ORIENTED_EDGE('',*,*,#1560,.F.);
#2333=ORIENTED_EDGE('',*,*,#1751,.F.);
#2334=ORIENTED_EDGE('',*,*,#1752,.F.);
#2335=ORIENTED_EDGE('',*,*,#1751,.T.);
#2336=ORIENTED_EDGE('',*,*,#1559,.F.);
#2337=ORIENTED_EDGE('',*,*,#1753,.T.);
#2338=ORIENTED_EDGE('',*,*,#1754,.F.);
#2339=ORIENTED_EDGE('',*,*,#1753,.F.);
#2340=ORIENTED_EDGE('',*,*,#1558,.F.);
#2341=ORIENTED_EDGE('',*,*,#1755,.F.);
#2342=ORIENTED_EDGE('',*,*,#1756,.F.);
#2343=ORIENTED_EDGE('',*,*,#1755,.T.);
#2344=ORIENTED_EDGE('',*,*,#1557,.F.);
#2345=ORIENTED_EDGE('',*,*,#1757,.F.);
#2346=ORIENTED_EDGE('',*,*,#1758,.F.);
#2347=ORIENTED_EDGE('',*,*,#1757,.T.);
#2348=ORIENTED_EDGE('',*,*,#1564,.F.);
#2349=ORIENTED_EDGE('',*,*,#1759,.F.);
#2350=ORIENTED_EDGE('',*,*,#1760,.F.);
#2351=ORIENTED_EDGE('',*,*,#1759,.T.);
#2352=ORIENTED_EDGE('',*,*,#1563,.F.);
#2353=ORIENTED_EDGE('',*,*,#1761,.F.);
#2354=ORIENTED_EDGE('',*,*,#1762,.F.);
#2355=ORIENTED_EDGE('',*,*,#1761,.T.);
#2356=ORIENTED_EDGE('',*,*,#1562,.F.);
#2357=ORIENTED_EDGE('',*,*,#1748,.F.);
#2358=ORIENTED_EDGE('',*,*,#1763,.F.);
#2359=ORIENTED_EDGE('',*,*,#1764,.F.);
#2360=ORIENTED_EDGE('',*,*,#1588,.F.);
#2361=ORIENTED_EDGE('',*,*,#1765,.T.);
#2362=ORIENTED_EDGE('',*,*,#1766,.F.);
#2363=ORIENTED_EDGE('',*,*,#1765,.F.);
#2364=ORIENTED_EDGE('',*,*,#1587,.F.);
#2365=ORIENTED_EDGE('',*,*,#1767,.T.);
#2366=ORIENTED_EDGE('',*,*,#1768,.F.);
#2367=ORIENTED_EDGE('',*,*,#1767,.F.);
#2368=ORIENTED_EDGE('',*,*,#1586,.F.);
#2369=ORIENTED_EDGE('',*,*,#1769,.T.);
#2370=ORIENTED_EDGE('',*,*,#1770,.F.);
#2371=ORIENTED_EDGE('',*,*,#1769,.F.);
#2372=ORIENTED_EDGE('',*,*,#1585,.F.);
#2373=ORIENTED_EDGE('',*,*,#1771,.T.);
#2374=ORIENTED_EDGE('',*,*,#1772,.F.);
#2375=ORIENTED_EDGE('',*,*,#1771,.F.);
#2376=ORIENTED_EDGE('',*,*,#1584,.F.);
#2377=ORIENTED_EDGE('',*,*,#1773,.T.);
#2378=ORIENTED_EDGE('',*,*,#1774,.F.);
#2379=ORIENTED_EDGE('',*,*,#1773,.F.);
#2380=ORIENTED_EDGE('',*,*,#1591,.F.);
#2381=ORIENTED_EDGE('',*,*,#1775,.T.);
#2382=ORIENTED_EDGE('',*,*,#1776,.F.);
#2383=ORIENTED_EDGE('',*,*,#1775,.F.);
#2384=ORIENTED_EDGE('',*,*,#1590,.F.);
#2385=ORIENTED_EDGE('',*,*,#1777,.T.);
#2386=ORIENTED_EDGE('',*,*,#1778,.F.);
#2387=ORIENTED_EDGE('',*,*,#1777,.F.);
#2388=ORIENTED_EDGE('',*,*,#1589,.F.);
#2389=ORIENTED_EDGE('',*,*,#1764,.T.);
#2390=ORIENTED_EDGE('',*,*,#1583,.F.);
#2391=ORIENTED_EDGE('',*,*,#1779,.T.);
#2392=ORIENTED_EDGE('',*,*,#1780,.F.);
#2393=ORIENTED_EDGE('',*,*,#1779,.F.);
#2394=ORIENTED_EDGE('',*,*,#1781,.T.);
#2395=ORIENTED_EDGE('',*,*,#1782,.T.);
#2396=ORIENTED_EDGE('',*,*,#1783,.T.);
#2397=ORIENTED_EDGE('',*,*,#1784,.T.);
#2398=ORIENTED_EDGE('',*,*,#1785,.T.);
#2399=ORIENTED_EDGE('',*,*,#1509,.T.);
#2400=ORIENTED_EDGE('',*,*,#1507,.F.);
#2401=ORIENTED_EDGE('',*,*,#1786,.T.);
#2402=ORIENTED_EDGE('',*,*,#1787,.T.);
#2403=ORIENTED_EDGE('',*,*,#1788,.T.);
#2404=ORIENTED_EDGE('',*,*,#1789,.T.);
#2405=ORIENTED_EDGE('',*,*,#1790,.T.);
#2406=ORIENTED_EDGE('',*,*,#1791,.T.);
#2407=ORIENTED_EDGE('',*,*,#1792,.T.);
#2408=ORIENTED_EDGE('',*,*,#1793,.T.);
#2409=ORIENTED_EDGE('',*,*,#1794,.T.);
#2410=ORIENTED_EDGE('',*,*,#1795,.T.);
#2411=ORIENTED_EDGE('',*,*,#1796,.T.);
#2412=ORIENTED_EDGE('',*,*,#1797,.T.);
#2413=ORIENTED_EDGE('',*,*,#1798,.T.);
#2414=ORIENTED_EDGE('',*,*,#1799,.T.);
#2415=ORIENTED_EDGE('',*,*,#1800,.T.);
#2416=ORIENTED_EDGE('',*,*,#1801,.T.);
#2417=ORIENTED_EDGE('',*,*,#1802,.T.);
#2418=ORIENTED_EDGE('',*,*,#1803,.T.);
#2419=ORIENTED_EDGE('',*,*,#1804,.T.);
#2420=ORIENTED_EDGE('',*,*,#1805,.T.);
#2421=ORIENTED_EDGE('',*,*,#1806,.T.);
#2422=ORIENTED_EDGE('',*,*,#1807,.T.);
#2423=ORIENTED_EDGE('',*,*,#1808,.T.);
#2424=ORIENTED_EDGE('',*,*,#1809,.T.);
#2425=ORIENTED_EDGE('',*,*,#1810,.T.);
#2426=ORIENTED_EDGE('',*,*,#1811,.T.);
#2427=ORIENTED_EDGE('',*,*,#1812,.T.);
#2428=ORIENTED_EDGE('',*,*,#1813,.T.);
#2429=ORIENTED_EDGE('',*,*,#1814,.T.);
#2430=ORIENTED_EDGE('',*,*,#1815,.T.);
#2431=ORIENTED_EDGE('',*,*,#1816,.T.);
#2432=ORIENTED_EDGE('',*,*,#1817,.T.);
#2433=ORIENTED_EDGE('',*,*,#1818,.T.);
#2434=ORIENTED_EDGE('',*,*,#1819,.T.);
#2435=ORIENTED_EDGE('',*,*,#1820,.T.);
#2436=ORIENTED_EDGE('',*,*,#1821,.T.);
#2437=ORIENTED_EDGE('',*,*,#1822,.T.);
#2438=ORIENTED_EDGE('',*,*,#1823,.T.);
#2439=ORIENTED_EDGE('',*,*,#1824,.T.);
#2440=ORIENTED_EDGE('',*,*,#1825,.T.);
#2441=ORIENTED_EDGE('',*,*,#1826,.T.);
#2442=ORIENTED_EDGE('',*,*,#1827,.T.);
#2443=ORIENTED_EDGE('',*,*,#1828,.T.);
#2444=ORIENTED_EDGE('',*,*,#1829,.T.);
#2445=ORIENTED_EDGE('',*,*,#1830,.F.);
#2446=ORIENTED_EDGE('',*,*,#1831,.T.);
#2447=ORIENTED_EDGE('',*,*,#1832,.F.);
#2448=ORIENTED_EDGE('',*,*,#1831,.F.);
#2449=ORIENTED_EDGE('',*,*,#1833,.F.);
#2450=ORIENTED_EDGE('',*,*,#1834,.T.);
#2451=ORIENTED_EDGE('',*,*,#1786,.F.);
#2452=ORIENTED_EDGE('',*,*,#1834,.F.);
#2453=ORIENTED_EDGE('',*,*,#1833,.T.);
#2454=ORIENTED_EDGE('',*,*,#1830,.T.);
#2455=ORIENTED_EDGE('',*,*,#1832,.T.);
#2456=ORIENTED_EDGE('',*,*,#1822,.F.);
#2457=ORIENTED_EDGE('',*,*,#1835,.T.);
#2458=ORIENTED_EDGE('',*,*,#1836,.F.);
#2459=ORIENTED_EDGE('',*,*,#1837,.F.);
#2460=ORIENTED_EDGE('',*,*,#1823,.F.);
#2461=ORIENTED_EDGE('',*,*,#1837,.T.);
#2462=ORIENTED_EDGE('',*,*,#1838,.F.);
#2463=ORIENTED_EDGE('',*,*,#1839,.F.);
#2464=ORIENTED_EDGE('',*,*,#1824,.F.);
#2465=ORIENTED_EDGE('',*,*,#1839,.T.);
#2466=ORIENTED_EDGE('',*,*,#1840,.F.);
#2467=ORIENTED_EDGE('',*,*,#1841,.F.);
#2468=ORIENTED_EDGE('',*,*,#1825,.F.);
#2469=ORIENTED_EDGE('',*,*,#1841,.T.);
#2470=ORIENTED_EDGE('',*,*,#1842,.F.);
#2471=ORIENTED_EDGE('',*,*,#1843,.F.);
#2472=ORIENTED_EDGE('',*,*,#1826,.F.);
#2473=ORIENTED_EDGE('',*,*,#1843,.T.);
#2474=ORIENTED_EDGE('',*,*,#1844,.F.);
#2475=ORIENTED_EDGE('',*,*,#1845,.F.);
#2476=ORIENTED_EDGE('',*,*,#1827,.F.);
#2477=ORIENTED_EDGE('',*,*,#1845,.T.);
#2478=ORIENTED_EDGE('',*,*,#1846,.F.);
#2479=ORIENTED_EDGE('',*,*,#1847,.F.);
#2480=ORIENTED_EDGE('',*,*,#1828,.F.);
#2481=ORIENTED_EDGE('',*,*,#1847,.T.);
#2482=ORIENTED_EDGE('',*,*,#1848,.F.);
#2483=ORIENTED_EDGE('',*,*,#1849,.F.);
#2484=ORIENTED_EDGE('',*,*,#1829,.F.);
#2485=ORIENTED_EDGE('',*,*,#1849,.T.);
#2486=ORIENTED_EDGE('',*,*,#1850,.F.);
#2487=ORIENTED_EDGE('',*,*,#1835,.F.);
#2488=ORIENTED_EDGE('',*,*,#1850,.T.);
#2489=ORIENTED_EDGE('',*,*,#1848,.T.);
#2490=ORIENTED_EDGE('',*,*,#1846,.T.);
#2491=ORIENTED_EDGE('',*,*,#1844,.T.);
#2492=ORIENTED_EDGE('',*,*,#1842,.T.);
#2493=ORIENTED_EDGE('',*,*,#1840,.T.);
#2494=ORIENTED_EDGE('',*,*,#1838,.T.);
#2495=ORIENTED_EDGE('',*,*,#1836,.T.);
#2496=ORIENTED_EDGE('',*,*,#1814,.F.);
#2497=ORIENTED_EDGE('',*,*,#1851,.T.);
#2498=ORIENTED_EDGE('',*,*,#1852,.F.);
#2499=ORIENTED_EDGE('',*,*,#1853,.F.);
#2500=ORIENTED_EDGE('',*,*,#1815,.F.);
#2501=ORIENTED_EDGE('',*,*,#1853,.T.);
#2502=ORIENTED_EDGE('',*,*,#1854,.F.);
#2503=ORIENTED_EDGE('',*,*,#1855,.F.);
#2504=ORIENTED_EDGE('',*,*,#1816,.F.);
#2505=ORIENTED_EDGE('',*,*,#1855,.T.);
#2506=ORIENTED_EDGE('',*,*,#1856,.F.);
#2507=ORIENTED_EDGE('',*,*,#1857,.F.);
#2508=ORIENTED_EDGE('',*,*,#1817,.F.);
#2509=ORIENTED_EDGE('',*,*,#1857,.T.);
#2510=ORIENTED_EDGE('',*,*,#1858,.F.);
#2511=ORIENTED_EDGE('',*,*,#1859,.F.);
#2512=ORIENTED_EDGE('',*,*,#1818,.F.);
#2513=ORIENTED_EDGE('',*,*,#1859,.T.);
#2514=ORIENTED_EDGE('',*,*,#1860,.F.);
#2515=ORIENTED_EDGE('',*,*,#1861,.F.);
#2516=ORIENTED_EDGE('',*,*,#1819,.F.);
#2517=ORIENTED_EDGE('',*,*,#1861,.T.);
#2518=ORIENTED_EDGE('',*,*,#1862,.F.);
#2519=ORIENTED_EDGE('',*,*,#1863,.F.);
#2520=ORIENTED_EDGE('',*,*,#1820,.F.);
#2521=ORIENTED_EDGE('',*,*,#1863,.T.);
#2522=ORIENTED_EDGE('',*,*,#1864,.F.);
#2523=ORIENTED_EDGE('',*,*,#1865,.F.);
#2524=ORIENTED_EDGE('',*,*,#1821,.F.);
#2525=ORIENTED_EDGE('',*,*,#1865,.T.);
#2526=ORIENTED_EDGE('',*,*,#1866,.F.);
#2527=ORIENTED_EDGE('',*,*,#1851,.F.);
#2528=ORIENTED_EDGE('',*,*,#1866,.T.);
#2529=ORIENTED_EDGE('',*,*,#1864,.T.);
#2530=ORIENTED_EDGE('',*,*,#1862,.T.);
#2531=ORIENTED_EDGE('',*,*,#1860,.T.);
#2532=ORIENTED_EDGE('',*,*,#1858,.T.);
#2533=ORIENTED_EDGE('',*,*,#1856,.T.);
#2534=ORIENTED_EDGE('',*,*,#1854,.T.);
#2535=ORIENTED_EDGE('',*,*,#1852,.T.);
#2536=ORIENTED_EDGE('',*,*,#1806,.F.);
#2537=ORIENTED_EDGE('',*,*,#1867,.T.);
#2538=ORIENTED_EDGE('',*,*,#1868,.F.);
#2539=ORIENTED_EDGE('',*,*,#1869,.F.);
#2540=ORIENTED_EDGE('',*,*,#1807,.F.);
#2541=ORIENTED_EDGE('',*,*,#1869,.T.);
#2542=ORIENTED_EDGE('',*,*,#1870,.F.);
#2543=ORIENTED_EDGE('',*,*,#1871,.F.);
#2544=ORIENTED_EDGE('',*,*,#1808,.F.);
#2545=ORIENTED_EDGE('',*,*,#1871,.T.);
#2546=ORIENTED_EDGE('',*,*,#1872,.F.);
#2547=ORIENTED_EDGE('',*,*,#1873,.F.);
#2548=ORIENTED_EDGE('',*,*,#1809,.F.);
#2549=ORIENTED_EDGE('',*,*,#1873,.T.);
#2550=ORIENTED_EDGE('',*,*,#1874,.F.);
#2551=ORIENTED_EDGE('',*,*,#1875,.F.);
#2552=ORIENTED_EDGE('',*,*,#1810,.F.);
#2553=ORIENTED_EDGE('',*,*,#1875,.T.);
#2554=ORIENTED_EDGE('',*,*,#1876,.F.);
#2555=ORIENTED_EDGE('',*,*,#1877,.F.);
#2556=ORIENTED_EDGE('',*,*,#1811,.F.);
#2557=ORIENTED_EDGE('',*,*,#1877,.T.);
#2558=ORIENTED_EDGE('',*,*,#1878,.F.);
#2559=ORIENTED_EDGE('',*,*,#1879,.F.);
#2560=ORIENTED_EDGE('',*,*,#1812,.F.);
#2561=ORIENTED_EDGE('',*,*,#1879,.T.);
#2562=ORIENTED_EDGE('',*,*,#1880,.F.);
#2563=ORIENTED_EDGE('',*,*,#1881,.F.);
#2564=ORIENTED_EDGE('',*,*,#1813,.F.);
#2565=ORIENTED_EDGE('',*,*,#1881,.T.);
#2566=ORIENTED_EDGE('',*,*,#1882,.F.);
#2567=ORIENTED_EDGE('',*,*,#1867,.F.);
#2568=ORIENTED_EDGE('',*,*,#1882,.T.);
#2569=ORIENTED_EDGE('',*,*,#1880,.T.);
#2570=ORIENTED_EDGE('',*,*,#1878,.T.);
#2571=ORIENTED_EDGE('',*,*,#1876,.T.);
#2572=ORIENTED_EDGE('',*,*,#1874,.T.);
#2573=ORIENTED_EDGE('',*,*,#1872,.T.);
#2574=ORIENTED_EDGE('',*,*,#1870,.T.);
#2575=ORIENTED_EDGE('',*,*,#1868,.T.);
#2576=ORIENTED_EDGE('',*,*,#1798,.F.);
#2577=ORIENTED_EDGE('',*,*,#1883,.T.);
#2578=ORIENTED_EDGE('',*,*,#1884,.F.);
#2579=ORIENTED_EDGE('',*,*,#1885,.F.);
#2580=ORIENTED_EDGE('',*,*,#1799,.F.);
#2581=ORIENTED_EDGE('',*,*,#1885,.T.);
#2582=ORIENTED_EDGE('',*,*,#1886,.F.);
#2583=ORIENTED_EDGE('',*,*,#1887,.F.);
#2584=ORIENTED_EDGE('',*,*,#1800,.F.);
#2585=ORIENTED_EDGE('',*,*,#1887,.T.);
#2586=ORIENTED_EDGE('',*,*,#1888,.F.);
#2587=ORIENTED_EDGE('',*,*,#1889,.F.);
#2588=ORIENTED_EDGE('',*,*,#1801,.F.);
#2589=ORIENTED_EDGE('',*,*,#1889,.T.);
#2590=ORIENTED_EDGE('',*,*,#1890,.F.);
#2591=ORIENTED_EDGE('',*,*,#1891,.F.);
#2592=ORIENTED_EDGE('',*,*,#1802,.F.);
#2593=ORIENTED_EDGE('',*,*,#1891,.T.);
#2594=ORIENTED_EDGE('',*,*,#1892,.F.);
#2595=ORIENTED_EDGE('',*,*,#1893,.F.);
#2596=ORIENTED_EDGE('',*,*,#1803,.F.);
#2597=ORIENTED_EDGE('',*,*,#1893,.T.);
#2598=ORIENTED_EDGE('',*,*,#1894,.F.);
#2599=ORIENTED_EDGE('',*,*,#1895,.F.);
#2600=ORIENTED_EDGE('',*,*,#1804,.F.);
#2601=ORIENTED_EDGE('',*,*,#1895,.T.);
#2602=ORIENTED_EDGE('',*,*,#1896,.F.);
#2603=ORIENTED_EDGE('',*,*,#1897,.F.);
#2604=ORIENTED_EDGE('',*,*,#1805,.F.);
#2605=ORIENTED_EDGE('',*,*,#1897,.T.);
#2606=ORIENTED_EDGE('',*,*,#1898,.F.);
#2607=ORIENTED_EDGE('',*,*,#1883,.F.);
#2608=ORIENTED_EDGE('',*,*,#1898,.T.);
#2609=ORIENTED_EDGE('',*,*,#1896,.T.);
#2610=ORIENTED_EDGE('',*,*,#1894,.T.);
#2611=ORIENTED_EDGE('',*,*,#1892,.T.);
#2612=ORIENTED_EDGE('',*,*,#1890,.T.);
#2613=ORIENTED_EDGE('',*,*,#1888,.T.);
#2614=ORIENTED_EDGE('',*,*,#1886,.T.);
#2615=ORIENTED_EDGE('',*,*,#1884,.T.);
#2616=ORIENTED_EDGE('',*,*,#1899,.F.);
#2617=ORIENTED_EDGE('',*,*,#1900,.T.);
#2618=ORIENTED_EDGE('',*,*,#1797,.F.);
#2619=ORIENTED_EDGE('',*,*,#1900,.F.);
#2620=ORIENTED_EDGE('',*,*,#1899,.T.);
#2621=ORIENTED_EDGE('',*,*,#1789,.F.);
#2622=ORIENTED_EDGE('',*,*,#1901,.T.);
#2623=ORIENTED_EDGE('',*,*,#1902,.F.);
#2624=ORIENTED_EDGE('',*,*,#1903,.F.);
#2625=ORIENTED_EDGE('',*,*,#1790,.F.);
#2626=ORIENTED_EDGE('',*,*,#1903,.T.);
#2627=ORIENTED_EDGE('',*,*,#1904,.F.);
#2628=ORIENTED_EDGE('',*,*,#1905,.F.);
#2629=ORIENTED_EDGE('',*,*,#1791,.F.);
#2630=ORIENTED_EDGE('',*,*,#1905,.T.);
#2631=ORIENTED_EDGE('',*,*,#1906,.F.);
#2632=ORIENTED_EDGE('',*,*,#1907,.F.);
#2633=ORIENTED_EDGE('',*,*,#1792,.F.);
#2634=ORIENTED_EDGE('',*,*,#1907,.T.);
#2635=ORIENTED_EDGE('',*,*,#1908,.F.);
#2636=ORIENTED_EDGE('',*,*,#1909,.F.);
#2637=ORIENTED_EDGE('',*,*,#1793,.F.);
#2638=ORIENTED_EDGE('',*,*,#1909,.T.);
#2639=ORIENTED_EDGE('',*,*,#1910,.F.);
#2640=ORIENTED_EDGE('',*,*,#1911,.F.);
#2641=ORIENTED_EDGE('',*,*,#1794,.F.);
#2642=ORIENTED_EDGE('',*,*,#1911,.T.);
#2643=ORIENTED_EDGE('',*,*,#1912,.F.);
#2644=ORIENTED_EDGE('',*,*,#1913,.F.);
#2645=ORIENTED_EDGE('',*,*,#1795,.F.);
#2646=ORIENTED_EDGE('',*,*,#1913,.T.);
#2647=ORIENTED_EDGE('',*,*,#1914,.F.);
#2648=ORIENTED_EDGE('',*,*,#1915,.F.);
#2649=ORIENTED_EDGE('',*,*,#1796,.F.);
#2650=ORIENTED_EDGE('',*,*,#1915,.T.);
#2651=ORIENTED_EDGE('',*,*,#1916,.F.);
#2652=ORIENTED_EDGE('',*,*,#1901,.F.);
#2653=ORIENTED_EDGE('',*,*,#1916,.T.);
#2654=ORIENTED_EDGE('',*,*,#1914,.T.);
#2655=ORIENTED_EDGE('',*,*,#1912,.T.);
#2656=ORIENTED_EDGE('',*,*,#1910,.T.);
#2657=ORIENTED_EDGE('',*,*,#1908,.T.);
#2658=ORIENTED_EDGE('',*,*,#1906,.T.);
#2659=ORIENTED_EDGE('',*,*,#1904,.T.);
#2660=ORIENTED_EDGE('',*,*,#1902,.T.);
#2661=ORIENTED_EDGE('',*,*,#1917,.F.);
#2662=ORIENTED_EDGE('',*,*,#1918,.T.);
#2663=ORIENTED_EDGE('',*,*,#1788,.F.);
#2664=ORIENTED_EDGE('',*,*,#1918,.F.);
#2665=ORIENTED_EDGE('',*,*,#1917,.T.);
#2666=ORIENTED_EDGE('',*,*,#1919,.F.);
#2667=ORIENTED_EDGE('',*,*,#1920,.T.);
#2668=ORIENTED_EDGE('',*,*,#1787,.F.);
#2669=ORIENTED_EDGE('',*,*,#1920,.F.);
#2670=ORIENTED_EDGE('',*,*,#1919,.T.);
#2671=ORIENTED_EDGE('',*,*,#1506,.F.);
#2672=ORIENTED_EDGE('',*,*,#1921,.F.);
#2673=ORIENTED_EDGE('',*,*,#1922,.F.);
#2674=ORIENTED_EDGE('',*,*,#1781,.F.);
#2675=ORIENTED_EDGE('',*,*,#1782,.F.);
#2676=ORIENTED_EDGE('',*,*,#1922,.T.);
#2677=ORIENTED_EDGE('',*,*,#1923,.F.);
#2678=ORIENTED_EDGE('',*,*,#1924,.F.);
#2679=ORIENTED_EDGE('',*,*,#1783,.F.);
#2680=ORIENTED_EDGE('',*,*,#1924,.T.);
#2681=ORIENTED_EDGE('',*,*,#1925,.F.);
#2682=ORIENTED_EDGE('',*,*,#1926,.F.);
#2683=ORIENTED_EDGE('',*,*,#1780,.T.);
#2684=ORIENTED_EDGE('',*,*,#1772,.T.);
#2685=ORIENTED_EDGE('',*,*,#1774,.T.);
#2686=ORIENTED_EDGE('',*,*,#1776,.T.);
#2687=ORIENTED_EDGE('',*,*,#1778,.T.);
#2688=ORIENTED_EDGE('',*,*,#1763,.T.);
#2689=ORIENTED_EDGE('',*,*,#1766,.T.);
#2690=ORIENTED_EDGE('',*,*,#1768,.T.);
#2691=ORIENTED_EDGE('',*,*,#1770,.T.);
#2692=ORIENTED_EDGE('',*,*,#1734,.T.);
#2693=ORIENTED_EDGE('',*,*,#1736,.T.);
#2694=ORIENTED_EDGE('',*,*,#1729,.T.);
#2695=ORIENTED_EDGE('',*,*,#1732,.T.);
#2696=ORIENTED_EDGE('',*,*,#1726,.T.);
#2697=ORIENTED_EDGE('',*,*,#1728,.T.);
#2698=ORIENTED_EDGE('',*,*,#1721,.T.);
#2699=ORIENTED_EDGE('',*,*,#1724,.T.);
#2700=ORIENTED_EDGE('',*,*,#1718,.T.);
#2701=ORIENTED_EDGE('',*,*,#1720,.T.);
#2702=ORIENTED_EDGE('',*,*,#1713,.T.);
#2703=ORIENTED_EDGE('',*,*,#1716,.T.);
#2704=ORIENTED_EDGE('',*,*,#1710,.T.);
#2705=ORIENTED_EDGE('',*,*,#1712,.T.);
#2706=ORIENTED_EDGE('',*,*,#1705,.T.);
#2707=ORIENTED_EDGE('',*,*,#1708,.T.);
#2708=ORIENTED_EDGE('',*,*,#1702,.T.);
#2709=ORIENTED_EDGE('',*,*,#1704,.T.);
#2710=ORIENTED_EDGE('',*,*,#1697,.T.);
#2711=ORIENTED_EDGE('',*,*,#1700,.T.);
#2712=ORIENTED_EDGE('',*,*,#1694,.T.);
#2713=ORIENTED_EDGE('',*,*,#1696,.T.);
#2714=ORIENTED_EDGE('',*,*,#1689,.T.);
#2715=ORIENTED_EDGE('',*,*,#1692,.T.);
#2716=ORIENTED_EDGE('',*,*,#1686,.T.);
#2717=ORIENTED_EDGE('',*,*,#1688,.T.);
#2718=ORIENTED_EDGE('',*,*,#1681,.T.);
#2719=ORIENTED_EDGE('',*,*,#1684,.T.);
#2720=ORIENTED_EDGE('',*,*,#1678,.T.);
#2721=ORIENTED_EDGE('',*,*,#1680,.T.);
#2722=ORIENTED_EDGE('',*,*,#1673,.T.);
#2723=ORIENTED_EDGE('',*,*,#1676,.T.);
#2724=ORIENTED_EDGE('',*,*,#1670,.T.);
#2725=ORIENTED_EDGE('',*,*,#1672,.T.);
#2726=ORIENTED_EDGE('',*,*,#1665,.T.);
#2727=ORIENTED_EDGE('',*,*,#1668,.T.);
#2728=ORIENTED_EDGE('',*,*,#1662,.T.);
#2729=ORIENTED_EDGE('',*,*,#1664,.T.);
#2730=ORIENTED_EDGE('',*,*,#1657,.T.);
#2731=ORIENTED_EDGE('',*,*,#1660,.T.);
#2732=ORIENTED_EDGE('',*,*,#1654,.T.);
#2733=ORIENTED_EDGE('',*,*,#1656,.T.);
#2734=ORIENTED_EDGE('',*,*,#1649,.T.);
#2735=ORIENTED_EDGE('',*,*,#1652,.T.);
#2736=ORIENTED_EDGE('',*,*,#1646,.T.);
#2737=ORIENTED_EDGE('',*,*,#1648,.T.);
#2738=ORIENTED_EDGE('',*,*,#1641,.T.);
#2739=ORIENTED_EDGE('',*,*,#1644,.T.);
#2740=ORIENTED_EDGE('',*,*,#1784,.F.);
#2741=ORIENTED_EDGE('',*,*,#1926,.T.);
#2742=ORIENTED_EDGE('',*,*,#1927,.F.);
#2743=ORIENTED_EDGE('',*,*,#1928,.F.);
#2744=ORIENTED_EDGE('',*,*,#1756,.T.);
#2745=ORIENTED_EDGE('',*,*,#1758,.T.);
#2746=ORIENTED_EDGE('',*,*,#1760,.T.);
#2747=ORIENTED_EDGE('',*,*,#1762,.T.);
#2748=ORIENTED_EDGE('',*,*,#1747,.T.);
#2749=ORIENTED_EDGE('',*,*,#1750,.T.);
#2750=ORIENTED_EDGE('',*,*,#1752,.T.);
#2751=ORIENTED_EDGE('',*,*,#1754,.T.);
#2752=ORIENTED_EDGE('',*,*,#1785,.F.);
#2753=ORIENTED_EDGE('',*,*,#1928,.T.);
#2754=ORIENTED_EDGE('',*,*,#1929,.F.);
#2755=ORIENTED_EDGE('',*,*,#1510,.F.);
#2756=ORIENTED_EDGE('',*,*,#1746,.T.);
#2757=ORIENTED_EDGE('',*,*,#1744,.T.);
#2758=ORIENTED_EDGE('',*,*,#1742,.T.);
#2759=ORIENTED_EDGE('',*,*,#1740,.T.);
#2760=ORIENTED_EDGE('',*,*,#1738,.T.);
#2761=ORIENTED_EDGE('',*,*,#1566,.F.);
#2762=ORIENTED_EDGE('',*,*,#1568,.T.);
#2763=ORIENTED_EDGE('',*,*,#1575,.F.);
#2764=ORIENTED_EDGE('',*,*,#1576,.T.);
#2765=ORIENTED_EDGE('',*,*,#1514,.F.);
#2766=ORIENTED_EDGE('',*,*,#1519,.T.);
#2767=ORIENTED_EDGE('',*,*,#1578,.F.);
#2768=ORIENTED_EDGE('',*,*,#1580,.T.);
#2769=ORIENTED_EDGE('',*,*,#1640,.F.);
#2770=ORIENTED_EDGE('',*,*,#1581,.T.);
#2771=ORIENTED_EDGE('',*,*,#1553,.F.);
#2772=ORIENTED_EDGE('',*,*,#1556,.T.);
#2773=ORIENTED_EDGE('',*,*,#1505,.F.);
#2774=ORIENTED_EDGE('',*,*,#1511,.T.);
#2775=ORIENTED_EDGE('',*,*,#1929,.T.);
#2776=ORIENTED_EDGE('',*,*,#1927,.T.);
#2777=ORIENTED_EDGE('',*,*,#1925,.T.);
#2778=ORIENTED_EDGE('',*,*,#1923,.T.);
#2779=ORIENTED_EDGE('',*,*,#1921,.T.);
#2780=CYLINDRICAL_SURFACE('',#3010,4.);
#2781=CYLINDRICAL_SURFACE('',#3014,2.6);
#2782=CYLINDRICAL_SURFACE('',#3040,1.6);
#2783=CYLINDRICAL_SURFACE('',#3047,1.6);
#2784=CYLINDRICAL_SURFACE('',#3055,1.6);
#2785=CYLINDRICAL_SURFACE('',#3059,1.6);
#2786=CYLINDRICAL_SURFACE('',#3092,1.6);
#2787=CYLINDRICAL_SURFACE('',#3094,1.15);
#2788=CYLINDRICAL_SURFACE('',#3097,1.15);
#2789=CYLINDRICAL_SURFACE('',#3101,1.15);
#2790=CYLINDRICAL_SURFACE('',#3104,1.15);
#2791=CYLINDRICAL_SURFACE('',#3107,1.15);
#2792=CYLINDRICAL_SURFACE('',#3110,1.15);
#2793=CYLINDRICAL_SURFACE('',#3113,1.15);
#2794=CYLINDRICAL_SURFACE('',#3116,1.15);
#2795=CYLINDRICAL_SURFACE('',#3119,1.15);
#2796=CYLINDRICAL_SURFACE('',#3122,1.15);
#2797=CYLINDRICAL_SURFACE('',#3124,1.15);
#2798=CYLINDRICAL_SURFACE('',#3127,1.15);
#2799=CYLINDRICAL_SURFACE('',#3131,1.15);
#2800=CYLINDRICAL_SURFACE('',#3134,1.15);
#2801=CYLINDRICAL_SURFACE('',#3137,1.15);
#2802=CYLINDRICAL_SURFACE('',#3140,1.15);
#2803=CYLINDRICAL_SURFACE('',#3143,1.15);
#2804=CYLINDRICAL_SURFACE('',#3146,1.15);
#2805=CYLINDRICAL_SURFACE('',#3149,1.15);
#2806=CYLINDRICAL_SURFACE('',#3152,1.15);
#2807=CYLINDRICAL_SURFACE('',#3155,1.15);
#2808=CYLINDRICAL_SURFACE('',#3158,1.15);
#2809=CYLINDRICAL_SURFACE('',#3160,1.15);
#2810=CYLINDRICAL_SURFACE('',#3163,1.15);
#2811=CYLINDRICAL_SURFACE('',#3166,1.5);
#2812=CYLINDRICAL_SURFACE('',#3168,1.5);
#2813=CYLINDRICAL_SURFACE('',#3170,1.5);
#2814=CYLINDRICAL_SURFACE('',#3172,12.);
#2815=CYLINDRICAL_SURFACE('',#3174,1.5);
#2816=CYLINDRICAL_SURFACE('',#3177,1.50000000000007);
#2817=CYLINDRICAL_SURFACE('',#3180,1.50000000000002);
#2818=CYLINDRICAL_SURFACE('',#3183,1.49999999999999);
#2819=CYLINDRICAL_SURFACE('',#3186,1.50000000000002);
#2820=CYLINDRICAL_SURFACE('',#3189,1.50000000000001);
#2821=CYLINDRICAL_SURFACE('',#3192,1.5);
#2822=CYLINDRICAL_SURFACE('',#3195,1.5);
#2823=CYLINDRICAL_SURFACE('',#3198,1.5);
#2824=CYLINDRICAL_SURFACE('',#3200,4.3);
#2825=CYLINDRICAL_SURFACE('',#3227,1.6);
#2826=CYLINDRICAL_SURFACE('',#3230,3.00000000000001);
#2827=CYLINDRICAL_SURFACE('',#3235,3.00000000000001);
#2828=CYLINDRICAL_SURFACE('',#3238,2.99999999999999);
#2829=CYLINDRICAL_SURFACE('',#3241,3.00000000000001);
#2830=CYLINDRICAL_SURFACE('',#3244,3.00000000000004);
#2831=CYLINDRICAL_SURFACE('',#3248,1.24000000000001);
#2832=CYLINDRICAL_SURFACE('',#3251,1.23999999999999);
#2833=CYLINDRICAL_SURFACE('',#3254,1.24000000000004);
#2834=CYLINDRICAL_SURFACE('',#3257,1.24000000000001);
#2835=CYLINDRICAL_SURFACE('',#3261,3.00000000000004);
#2836=CYLINDRICAL_SURFACE('',#3264,3.00000000000001);
#2837=CYLINDRICAL_SURFACE('',#3267,3.00000000000001);
#2838=CYLINDRICAL_SURFACE('',#3270,3.00000000000001);
#2839=CYLINDRICAL_SURFACE('',#3274,1.24000000000002);
#2840=CYLINDRICAL_SURFACE('',#3277,1.24000000000002);
#2841=CYLINDRICAL_SURFACE('',#3280,1.24000000000002);
#2842=CYLINDRICAL_SURFACE('',#3283,1.23999999999999);
#2843=CYLINDRICAL_SURFACE('',#3286,2.99999999999999);
#2844=CYLINDRICAL_SURFACE('',#3290,3.00000000000001);
#2845=CYLINDRICAL_SURFACE('',#3293,3.00000000000001);
#2846=CYLINDRICAL_SURFACE('',#3296,3.00000000000001);
#2847=CYLINDRICAL_SURFACE('',#3299,3.00000000000004);
#2848=CYLINDRICAL_SURFACE('',#3302,3.00000000000001);
#2849=CYLINDRICAL_SURFACE('',#3305,1.99999999999999);
#2850=ADVANCED_FACE('',(#156),#2780,.T.);
#2851=ADVANCED_FACE('',(#157),#73,.T.);
#2852=ADVANCED_FACE('',(#158),#2781,.F.);
#2853=ADVANCED_FACE('',(#159),#74,.T.);
#2854=ADVANCED_FACE('',(#160),#75,.T.);
#2855=ADVANCED_FACE('',(#161),#66,.T.);
#2856=ADVANCED_FACE('',(#162),#76,.T.);
#2857=ADVANCED_FACE('',(#163),#67,.T.);
#2858=ADVANCED_FACE('',(#164),#77,.T.);
#2859=ADVANCED_FACE('',(#165),#68,.T.);
#2860=ADVANCED_FACE('',(#166),#78,.T.);
#2861=ADVANCED_FACE('',(#167),#69,.T.);
#2862=ADVANCED_FACE('',(#168),#79,.T.);
#2863=ADVANCED_FACE('',(#169),#70,.T.);
#2864=ADVANCED_FACE('',(#170),#80,.T.);
#2865=ADVANCED_FACE('',(#171),#2782,.T.);
#2866=ADVANCED_FACE('',(#172,#15),#81,.T.);
#2867=ADVANCED_FACE('',(#173),#2783,.T.);
#2868=ADVANCED_FACE('',(#174,#16,#17,#18,#19,#20),#82,.T.);
#2869=ADVANCED_FACE('',(#175),#2784,.T.);
#2870=ADVANCED_FACE('',(#176),#83,.T.);
#2871=ADVANCED_FACE('',(#177),#84,.T.);
#2872=ADVANCED_FACE('',(#178),#2785,.T.);
#2873=ADVANCED_FACE('',(#179),#85,.T.);
#2874=ADVANCED_FACE('',(#180,#21,#22,#23,#24,#25,#26,#27,#28,#29,#30,#31,
#32,#33,#34),#86,.T.);
#2875=ADVANCED_FACE('',(#181),#2786,.T.);
#2876=ADVANCED_FACE('',(#182),#2787,.F.);
#2877=ADVANCED_FACE('',(#183),#87,.F.);
#2878=ADVANCED_FACE('',(#184),#2788,.F.);
#2879=ADVANCED_FACE('',(#185),#88,.F.);
#2880=ADVANCED_FACE('',(#186),#89,.F.);
#2881=ADVANCED_FACE('',(#187),#2789,.F.);
#2882=ADVANCED_FACE('',(#188),#90,.F.);
#2883=ADVANCED_FACE('',(#189),#2790,.F.);
#2884=ADVANCED_FACE('',(#190),#91,.F.);
#2885=ADVANCED_FACE('',(#191),#2791,.F.);
#2886=ADVANCED_FACE('',(#192),#92,.F.);
#2887=ADVANCED_FACE('',(#193),#2792,.F.);
#2888=ADVANCED_FACE('',(#194),#93,.F.);
#2889=ADVANCED_FACE('',(#195),#2793,.F.);
#2890=ADVANCED_FACE('',(#196),#94,.F.);
#2891=ADVANCED_FACE('',(#197),#2794,.F.);
#2892=ADVANCED_FACE('',(#198),#95,.F.);
#2893=ADVANCED_FACE('',(#199),#2795,.F.);
#2894=ADVANCED_FACE('',(#200),#96,.F.);
#2895=ADVANCED_FACE('',(#201),#2796,.F.);
#2896=ADVANCED_FACE('',(#202),#2797,.F.);
#2897=ADVANCED_FACE('',(#203),#97,.F.);
#2898=ADVANCED_FACE('',(#204),#2798,.F.);
#2899=ADVANCED_FACE('',(#205),#98,.F.);
#2900=ADVANCED_FACE('',(#206),#99,.F.);
#2901=ADVANCED_FACE('',(#207),#2799,.F.);
#2902=ADVANCED_FACE('',(#208),#100,.F.);
#2903=ADVANCED_FACE('',(#209),#2800,.F.);
#2904=ADVANCED_FACE('',(#210),#101,.F.);
#2905=ADVANCED_FACE('',(#211),#2801,.F.);
#2906=ADVANCED_FACE('',(#212),#102,.F.);
#2907=ADVANCED_FACE('',(#213),#2802,.F.);
#2908=ADVANCED_FACE('',(#214),#103,.F.);
#2909=ADVANCED_FACE('',(#215),#2803,.F.);
#2910=ADVANCED_FACE('',(#216),#104,.F.);
#2911=ADVANCED_FACE('',(#217),#2804,.F.);
#2912=ADVANCED_FACE('',(#218),#105,.F.);
#2913=ADVANCED_FACE('',(#219),#2805,.F.);
#2914=ADVANCED_FACE('',(#220),#106,.F.);
#2915=ADVANCED_FACE('',(#221),#2806,.F.);
#2916=ADVANCED_FACE('',(#222),#107,.F.);
#2917=ADVANCED_FACE('',(#223),#2807,.F.);
#2918=ADVANCED_FACE('',(#224),#108,.F.);
#2919=ADVANCED_FACE('',(#225),#2808,.F.);
#2920=ADVANCED_FACE('',(#226),#2809,.F.);
#2921=ADVANCED_FACE('',(#227),#109,.F.);
#2922=ADVANCED_FACE('',(#228),#2810,.F.);
#2923=ADVANCED_FACE('',(#229),#110,.F.);
#2924=ADVANCED_FACE('',(#230),#2811,.F.);
#2925=ADVANCED_FACE('',(#231),#2812,.F.);
#2926=ADVANCED_FACE('',(#232),#2813,.F.);
#2927=ADVANCED_FACE('',(#233),#2814,.F.);
#2928=ADVANCED_FACE('',(#234),#2815,.F.);
#2929=ADVANCED_FACE('',(#235),#111,.F.);
#2930=ADVANCED_FACE('',(#236),#2816,.F.);
#2931=ADVANCED_FACE('',(#237),#112,.F.);
#2932=ADVANCED_FACE('',(#238),#2817,.F.);
#2933=ADVANCED_FACE('',(#239),#113,.F.);
#2934=ADVANCED_FACE('',(#240),#2818,.F.);
#2935=ADVANCED_FACE('',(#241),#114,.F.);
#2936=ADVANCED_FACE('',(#242),#2819,.F.);
#2937=ADVANCED_FACE('',(#243),#115,.F.);
#2938=ADVANCED_FACE('',(#244),#2820,.F.);
#2939=ADVANCED_FACE('',(#245),#116,.F.);
#2940=ADVANCED_FACE('',(#246),#2821,.F.);
#2941=ADVANCED_FACE('',(#247),#117,.F.);
#2942=ADVANCED_FACE('',(#248),#2822,.F.);
#2943=ADVANCED_FACE('',(#249),#118,.F.);
#2944=ADVANCED_FACE('',(#250),#2823,.F.);
#2945=ADVANCED_FACE('',(#251),#2824,.F.);
#2946=ADVANCED_FACE('',(#252,#35,#36,#37,#38,#39,#40,#41,#42,#43),#119,
 .F.);
#2947=ADVANCED_FACE('',(#253),#2825,.F.);
#2948=ADVANCED_FACE('',(#254),#2826,.T.);
#2949=ADVANCED_FACE('',(#255,#44),#120,.F.);
#2950=ADVANCED_FACE('',(#256),#121,.F.);
#2951=ADVANCED_FACE('',(#257),#122,.T.);
#2952=ADVANCED_FACE('',(#258),#2827,.T.);
#2953=ADVANCED_FACE('',(#259),#123,.T.);
#2954=ADVANCED_FACE('',(#260),#2828,.T.);
#2955=ADVANCED_FACE('',(#261),#124,.T.);
#2956=ADVANCED_FACE('',(#262),#2829,.T.);
#2957=ADVANCED_FACE('',(#263),#125,.T.);
#2958=ADVANCED_FACE('',(#264),#2830,.T.);
#2959=ADVANCED_FACE('',(#265),#126,.F.);
#2960=ADVANCED_FACE('',(#266),#127,.T.);
#2961=ADVANCED_FACE('',(#267),#2831,.T.);
#2962=ADVANCED_FACE('',(#268),#128,.T.);
#2963=ADVANCED_FACE('',(#269),#2832,.T.);
#2964=ADVANCED_FACE('',(#270),#129,.T.);
#2965=ADVANCED_FACE('',(#271),#2833,.T.);
#2966=ADVANCED_FACE('',(#272),#130,.T.);
#2967=ADVANCED_FACE('',(#273),#2834,.T.);
#2968=ADVANCED_FACE('',(#274),#131,.F.);
#2969=ADVANCED_FACE('',(#275),#132,.T.);
#2970=ADVANCED_FACE('',(#276),#2835,.T.);
#2971=ADVANCED_FACE('',(#277),#133,.T.);
#2972=ADVANCED_FACE('',(#278),#2836,.T.);
#2973=ADVANCED_FACE('',(#279),#134,.T.);
#2974=ADVANCED_FACE('',(#280),#2837,.T.);
#2975=ADVANCED_FACE('',(#281),#135,.T.);
#2976=ADVANCED_FACE('',(#282),#2838,.T.);
#2977=ADVANCED_FACE('',(#283),#136,.F.);
#2978=ADVANCED_FACE('',(#284),#137,.T.);
#2979=ADVANCED_FACE('',(#285),#2839,.T.);
#2980=ADVANCED_FACE('',(#286),#138,.T.);
#2981=ADVANCED_FACE('',(#287),#2840,.T.);
#2982=ADVANCED_FACE('',(#288),#139,.T.);
#2983=ADVANCED_FACE('',(#289),#2841,.T.);
#2984=ADVANCED_FACE('',(#290),#140,.T.);
#2985=ADVANCED_FACE('',(#291),#2842,.T.);
#2986=ADVANCED_FACE('',(#292),#141,.F.);
#2987=ADVANCED_FACE('',(#293),#2843,.T.);
#2988=ADVANCED_FACE('',(#294),#142,.F.);
#2989=ADVANCED_FACE('',(#295),#143,.T.);
#2990=ADVANCED_FACE('',(#296),#2844,.T.);
#2991=ADVANCED_FACE('',(#297),#144,.T.);
#2992=ADVANCED_FACE('',(#298),#2845,.T.);
#2993=ADVANCED_FACE('',(#299),#145,.T.);
#2994=ADVANCED_FACE('',(#300),#2846,.T.);
#2995=ADVANCED_FACE('',(#301),#146,.T.);
#2996=ADVANCED_FACE('',(#302),#2847,.T.);
#2997=ADVANCED_FACE('',(#303),#147,.F.);
#2998=ADVANCED_FACE('',(#304),#2848,.T.);
#2999=ADVANCED_FACE('',(#305),#148,.F.);
#3000=ADVANCED_FACE('',(#306),#2849,.T.);
#3001=ADVANCED_FACE('',(#307),#149,.F.);
#3002=ADVANCED_FACE('',(#308),#150,.T.);
#3003=ADVANCED_FACE('',(#309),#151,.T.);
#3004=ADVANCED_FACE('',(#310,#45,#46,#47,#48,#49,#50,#51,#52,#53,#54,#55,
#56,#57,#58),#152,.T.);
#3005=ADVANCED_FACE('',(#311,#59),#153,.T.);
#3006=ADVANCED_FACE('',(#312,#60,#61,#62,#63,#64),#154,.T.);
#3007=ADVANCED_FACE('',(#313,#65),#155,.T.);
#3008=CLOSED_SHELL('',(#2850,#2851,#2852,#2853,#2854,#2855,#2856,#2857,
#2858,#2859,#2860,#2861,#2862,#2863,#2864,#2865,#2866,#2867,#2868,#2869,
#2870,#2871,#2872,#2873,#2874,#2875,#2876,#2877,#2878,#2879,#2880,#2881,
#2882,#2883,#2884,#2885,#2886,#2887,#2888,#2889,#2890,#2891,#2892,#2893,
#2894,#2895,#2896,#2897,#2898,#2899,#2900,#2901,#2902,#2903,#2904,#2905,
#2906,#2907,#2908,#2909,#2910,#2911,#2912,#2913,#2914,#2915,#2916,#2917,
#2918,#2919,#2920,#2921,#2922,#2923,#2924,#2925,#2926,#2927,#2928,#2929,
#2930,#2931,#2932,#2933,#2934,#2935,#2936,#2937,#2938,#2939,#2940,#2941,
#2942,#2943,#2944,#2945,#2946,#2947,#2948,#2949,#2950,#2951,#2952,#2953,
#2954,#2955,#2956,#2957,#2958,#2959,#2960,#2961,#2962,#2963,#2964,#2965,
#2966,#2967,#2968,#2969,#2970,#2971,#2972,#2973,#2974,#2975,#2976,#2977,
#2978,#2979,#2980,#2981,#2982,#2983,#2984,#2985,#2986,#2987,#2988,#2989,
#2990,#2991,#2992,#2993,#2994,#2995,#2996,#2997,#2998,#2999,#3000,#3001,
#3002,#3003,#3004,#3005,#3006,#3007));
#3009=AXIS2_PLACEMENT_3D('',#4203,#3314,#3315);
#3010=AXIS2_PLACEMENT_3D('',#4204,#3316,#3317);
#3011=AXIS2_PLACEMENT_3D('',#4207,#3318,#3319);
#3012=AXIS2_PLACEMENT_3D('',#4211,#3321,#3322);
#3013=AXIS2_PLACEMENT_3D('',#4213,#3324,#3325);
#3014=AXIS2_PLACEMENT_3D('',#4219,#3329,#3330);
#3015=AXIS2_PLACEMENT_3D('',#4222,#3331,#3332);
#3016=AXIS2_PLACEMENT_3D('',#4226,#3334,#3335);
#3017=AXIS2_PLACEMENT_3D('',#4229,#3337,#3338);
#3018=AXIS2_PLACEMENT_3D('',#4230,#3339,#3340);
#3019=AXIS2_PLACEMENT_3D('',#4236,#3344,#3345);
#3020=AXIS2_PLACEMENT_3D('',#4244,#3350,#3351);
#3021=AXIS2_PLACEMENT_3D('',#4246,#3352,#3353);
#3022=AXIS2_PLACEMENT_3D('',#4249,#3355,#3356);
#3023=AXIS2_PLACEMENT_3D('',#4250,#3357,#3358);
#3024=AXIS2_PLACEMENT_3D('',#4256,#3362,#3363);
#3025=AXIS2_PLACEMENT_3D('',#4258,#3364,#3365);
#3026=AXIS2_PLACEMENT_3D('',#4261,#3367,#3368);
#3027=AXIS2_PLACEMENT_3D('',#4262,#3369,#3370);
#3028=AXIS2_PLACEMENT_3D('',#4268,#3374,#3375);
#3029=AXIS2_PLACEMENT_3D('',#4270,#3376,#3377);
#3030=AXIS2_PLACEMENT_3D('',#4273,#3379,#3380);
#3031=AXIS2_PLACEMENT_3D('',#4274,#3381,#3382);
#3032=AXIS2_PLACEMENT_3D('',#4280,#3386,#3387);
#3033=AXIS2_PLACEMENT_3D('',#4282,#3388,#3389);
#3034=AXIS2_PLACEMENT_3D('',#4285,#3391,#3392);
#3035=AXIS2_PLACEMENT_3D('',#4286,#3393,#3394);
#3036=AXIS2_PLACEMENT_3D('',#4292,#3398,#3399);
#3037=AXIS2_PLACEMENT_3D('',#4293,#3400,#3401);
#3038=AXIS2_PLACEMENT_3D('',#4296,#3403,#3404);
#3039=AXIS2_PLACEMENT_3D('',#4297,#3405,#3406);
#3040=AXIS2_PLACEMENT_3D('',#4299,#3408,#3409);
#3041=AXIS2_PLACEMENT_3D('',#4303,#3411,#3412);
#3042=AXIS2_PLACEMENT_3D('',#4305,#3414,#3415);
#3043=AXIS2_PLACEMENT_3D('',#4313,#3419,#3420);
#3044=AXIS2_PLACEMENT_3D('',#4317,#3422,#3423);
#3045=AXIS2_PLACEMENT_3D('',#4321,#3425,#3426);
#3046=AXIS2_PLACEMENT_3D('',#4324,#3428,#3429);
#3047=AXIS2_PLACEMENT_3D('',#4325,#3430,#3431);
#3048=AXIS2_PLACEMENT_3D('',#4328,#3433,#3434);
#3049=AXIS2_PLACEMENT_3D('',#4329,#3435,#3436);
#3050=AXIS2_PLACEMENT_3D('',#4334,#3439,#3440);
#3051=AXIS2_PLACEMENT_3D('',#4336,#3441,#3442);
#3052=AXIS2_PLACEMENT_3D('',#4338,#3443,#3444);
#3053=AXIS2_PLACEMENT_3D('',#4340,#3445,#3446);
#3054=AXIS2_PLACEMENT_3D('',#4342,#3447,#3448);
#3055=AXIS2_PLACEMENT_3D('',#4343,#3449,#3450);
#3056=AXIS2_PLACEMENT_3D('',#4346,#3452,#3453);
#3057=AXIS2_PLACEMENT_3D('',#4347,#3454,#3455);
#3058=AXIS2_PLACEMENT_3D('',#4349,#3457,#3458);
#3059=AXIS2_PLACEMENT_3D('',#4350,#3459,#3460);
#3060=AXIS2_PLACEMENT_3D('',#4353,#3462,#3463);
#3061=AXIS2_PLACEMENT_3D('',#4354,#3464,#3465);
#3062=AXIS2_PLACEMENT_3D('',#4358,#3468,#3469);
#3063=AXIS2_PLACEMENT_3D('',#4363,#3472,#3473);
#3064=AXIS2_PLACEMENT_3D('',#4368,#3475,#3476);
#3065=AXIS2_PLACEMENT_3D('',#4372,#3478,#3479);
#3066=AXIS2_PLACEMENT_3D('',#4376,#3481,#3482);
#3067=AXIS2_PLACEMENT_3D('',#4379,#3484,#3485);
#3068=AXIS2_PLACEMENT_3D('',#4382,#3486,#3487);
#3069=AXIS2_PLACEMENT_3D('',#4386,#3489,#3490);
#3070=AXIS2_PLACEMENT_3D('',#4392,#3493,#3494);
#3071=AXIS2_PLACEMENT_3D('',#4395,#3496,#3497);
#3072=AXIS2_PLACEMENT_3D('',#4400,#3499,#3500);
#3073=AXIS2_PLACEMENT_3D('',#4403,#3502,#3503);
#3074=AXIS2_PLACEMENT_3D('',#4408,#3505,#3506);
#3075=AXIS2_PLACEMENT_3D('',#4411,#3508,#3509);
#3076=AXIS2_PLACEMENT_3D('',#4416,#3511,#3512);
#3077=AXIS2_PLACEMENT_3D('',#4419,#3514,#3515);
#3078=AXIS2_PLACEMENT_3D('',#4424,#3517,#3518);
#3079=AXIS2_PLACEMENT_3D('',#4427,#3520,#3521);
#3080=AXIS2_PLACEMENT_3D('',#4430,#3522,#3523);
#3081=AXIS2_PLACEMENT_3D('',#4434,#3525,#3526);
#3082=AXIS2_PLACEMENT_3D('',#4440,#3529,#3530);
#3083=AXIS2_PLACEMENT_3D('',#4443,#3532,#3533);
#3084=AXIS2_PLACEMENT_3D('',#4448,#3535,#3536);
#3085=AXIS2_PLACEMENT_3D('',#4451,#3538,#3539);
#3086=AXIS2_PLACEMENT_3D('',#4456,#3541,#3542);
#3087=AXIS2_PLACEMENT_3D('',#4459,#3544,#3545);
#3088=AXIS2_PLACEMENT_3D('',#4464,#3547,#3548);
#3089=AXIS2_PLACEMENT_3D('',#4467,#3550,#3551);
#3090=AXIS2_PLACEMENT_3D('',#4470,#3552,#3553);
#3091=AXIS2_PLACEMENT_3D('',#4474,#3555,#3556);
#3092=AXIS2_PLACEMENT_3D('',#4476,#3558,#3559);
#3093=AXIS2_PLACEMENT_3D('',#4477,#3560,#3561);
#3094=AXIS2_PLACEMENT_3D('',#4478,#3562,#3563);
#3095=AXIS2_PLACEMENT_3D('',#4481,#3564,#3565);
#3096=AXIS2_PLACEMENT_3D('',#4484,#3568,#3569);
#3097=AXIS2_PLACEMENT_3D('',#4488,#3572,#3573);
#3098=AXIS2_PLACEMENT_3D('',#4490,#3574,#3575);
#3099=AXIS2_PLACEMENT_3D('',#4492,#3577,#3578);
#3100=AXIS2_PLACEMENT_3D('',#4494,#3580,#3581);
#3101=AXIS2_PLACEMENT_3D('',#4500,#3585,#3586);
#3102=AXIS2_PLACEMENT_3D('',#4502,#3587,#3588);
#3103=AXIS2_PLACEMENT_3D('',#4504,#3590,#3591);
#3104=AXIS2_PLACEMENT_3D('',#4508,#3594,#3595);
#3105=AXIS2_PLACEMENT_3D('',#4509,#3596,#3597);
#3106=AXIS2_PLACEMENT_3D('',#4510,#3598,#3599);
#3107=AXIS2_PLACEMENT_3D('',#4516,#3603,#3604);
#3108=AXIS2_PLACEMENT_3D('',#4518,#3605,#3606);
#3109=AXIS2_PLACEMENT_3D('',#4520,#3608,#3609);
#3110=AXIS2_PLACEMENT_3D('',#4524,#3612,#3613);
#3111=AXIS2_PLACEMENT_3D('',#4525,#3614,#3615);
#3112=AXIS2_PLACEMENT_3D('',#4526,#3616,#3617);
#3113=AXIS2_PLACEMENT_3D('',#4532,#3621,#3622);
#3114=AXIS2_PLACEMENT_3D('',#4534,#3623,#3624);
#3115=AXIS2_PLACEMENT_3D('',#4536,#3626,#3627);
#3116=AXIS2_PLACEMENT_3D('',#4540,#3630,#3631);
#3117=AXIS2_PLACEMENT_3D('',#4541,#3632,#3633);
#3118=AXIS2_PLACEMENT_3D('',#4542,#3634,#3635);
#3119=AXIS2_PLACEMENT_3D('',#4548,#3639,#3640);
#3120=AXIS2_PLACEMENT_3D('',#4550,#3641,#3642);
#3121=AXIS2_PLACEMENT_3D('',#4552,#3644,#3645);
#3122=AXIS2_PLACEMENT_3D('',#4556,#3648,#3649);
#3123=AXIS2_PLACEMENT_3D('',#4557,#3650,#3651);
#3124=AXIS2_PLACEMENT_3D('',#4558,#3652,#3653);
#3125=AXIS2_PLACEMENT_3D('',#4561,#3654,#3655);
#3126=AXIS2_PLACEMENT_3D('',#4564,#3658,#3659);
#3127=AXIS2_PLACEMENT_3D('',#4568,#3662,#3663);
#3128=AXIS2_PLACEMENT_3D('',#4570,#3664,#3665);
#3129=AXIS2_PLACEMENT_3D('',#4572,#3667,#3668);
#3130=AXIS2_PLACEMENT_3D('',#4574,#3670,#3671);
#3131=AXIS2_PLACEMENT_3D('',#4580,#3675,#3676);
#3132=AXIS2_PLACEMENT_3D('',#4582,#3677,#3678);
#3133=AXIS2_PLACEMENT_3D('',#4584,#3680,#3681);
#3134=AXIS2_PLACEMENT_3D('',#4588,#3684,#3685);
#3135=AXIS2_PLACEMENT_3D('',#4589,#3686,#3687);
#3136=AXIS2_PLACEMENT_3D('',#4590,#3688,#3689);
#3137=AXIS2_PLACEMENT_3D('',#4596,#3693,#3694);
#3138=AXIS2_PLACEMENT_3D('',#4598,#3695,#3696);
#3139=AXIS2_PLACEMENT_3D('',#4600,#3698,#3699);
#3140=AXIS2_PLACEMENT_3D('',#4604,#3702,#3703);
#3141=AXIS2_PLACEMENT_3D('',#4605,#3704,#3705);
#3142=AXIS2_PLACEMENT_3D('',#4606,#3706,#3707);
#3143=AXIS2_PLACEMENT_3D('',#4612,#3711,#3712);
#3144=AXIS2_PLACEMENT_3D('',#4614,#3713,#3714);
#3145=AXIS2_PLACEMENT_3D('',#4616,#3716,#3717);
#3146=AXIS2_PLACEMENT_3D('',#4620,#3720,#3721);
#3147=AXIS2_PLACEMENT_3D('',#4621,#3722,#3723);
#3148=AXIS2_PLACEMENT_3D('',#4622,#3724,#3725);
#3149=AXIS2_PLACEMENT_3D('',#4628,#3729,#3730);
#3150=AXIS2_PLACEMENT_3D('',#4630,#3731,#3732);
#3151=AXIS2_PLACEMENT_3D('',#4632,#3734,#3735);
#3152=AXIS2_PLACEMENT_3D('',#4636,#3738,#3739);
#3153=AXIS2_PLACEMENT_3D('',#4637,#3740,#3741);
#3154=AXIS2_PLACEMENT_3D('',#4638,#3742,#3743);
#3155=AXIS2_PLACEMENT_3D('',#4644,#3747,#3748);
#3156=AXIS2_PLACEMENT_3D('',#4646,#3749,#3750);
#3157=AXIS2_PLACEMENT_3D('',#4648,#3752,#3753);
#3158=AXIS2_PLACEMENT_3D('',#4652,#3756,#3757);
#3159=AXIS2_PLACEMENT_3D('',#4653,#3758,#3759);
#3160=AXIS2_PLACEMENT_3D('',#4654,#3760,#3761);
#3161=AXIS2_PLACEMENT_3D('',#4657,#3762,#3763);
#3162=AXIS2_PLACEMENT_3D('',#4660,#3766,#3767);
#3163=AXIS2_PLACEMENT_3D('',#4664,#3770,#3771);
#3164=AXIS2_PLACEMENT_3D('',#4666,#3772,#3773);
#3165=AXIS2_PLACEMENT_3D('',#4668,#3775,#3776);
#3166=AXIS2_PLACEMENT_3D('',#4670,#3778,#3779);
#3167=AXIS2_PLACEMENT_3D('',#4673,#3781,#3782);
#3168=AXIS2_PLACEMENT_3D('',#4674,#3783,#3784);
#3169=AXIS2_PLACEMENT_3D('',#4677,#3786,#3787);
#3170=AXIS2_PLACEMENT_3D('',#4678,#3788,#3789);
#3171=AXIS2_PLACEMENT_3D('',#4681,#3791,#3792);
#3172=AXIS2_PLACEMENT_3D('',#4682,#3793,#3794);
#3173=AXIS2_PLACEMENT_3D('',#4685,#3796,#3797);
#3174=AXIS2_PLACEMENT_3D('',#4686,#3798,#3799);
#3175=AXIS2_PLACEMENT_3D('',#4689,#3801,#3802);
#3176=AXIS2_PLACEMENT_3D('',#4690,#3803,#3804);
#3177=AXIS2_PLACEMENT_3D('',#4696,#3808,#3809);
#3178=AXIS2_PLACEMENT_3D('',#4698,#3810,#3811);
#3179=AXIS2_PLACEMENT_3D('',#4700,#3813,#3814);
#3180=AXIS2_PLACEMENT_3D('',#4704,#3817,#3818);
#3181=AXIS2_PLACEMENT_3D('',#4706,#3819,#3820);
#3182=AXIS2_PLACEMENT_3D('',#4708,#3822,#3823);
#3183=AXIS2_PLACEMENT_3D('',#4712,#3826,#3827);
#3184=AXIS2_PLACEMENT_3D('',#4714,#3828,#3829);
#3185=AXIS2_PLACEMENT_3D('',#4716,#3831,#3832);
#3186=AXIS2_PLACEMENT_3D('',#4720,#3835,#3836);
#3187=AXIS2_PLACEMENT_3D('',#4721,#3837,#3838);
#3188=AXIS2_PLACEMENT_3D('',#4722,#3839,#3840);
#3189=AXIS2_PLACEMENT_3D('',#4728,#3844,#3845);
#3190=AXIS2_PLACEMENT_3D('',#4730,#3846,#3847);
#3191=AXIS2_PLACEMENT_3D('',#4732,#3849,#3850);
#3192=AXIS2_PLACEMENT_3D('',#4736,#3853,#3854);
#3193=AXIS2_PLACEMENT_3D('',#4738,#3855,#3856);
#3194=AXIS2_PLACEMENT_3D('',#4740,#3858,#3859);
#3195=AXIS2_PLACEMENT_3D('',#4744,#3862,#3863);
#3196=AXIS2_PLACEMENT_3D('',#4746,#3864,#3865);
#3197=AXIS2_PLACEMENT_3D('',#4748,#3867,#3868);
#3198=AXIS2_PLACEMENT_3D('',#4752,#3871,#3872);
#3199=AXIS2_PLACEMENT_3D('',#4753,#3873,#3874);
#3200=AXIS2_PLACEMENT_3D('',#4754,#3875,#3876);
#3201=AXIS2_PLACEMENT_3D('',#4757,#3878,#3879);
#3202=AXIS2_PLACEMENT_3D('',#4758,#3880,#3881);
#3203=AXIS2_PLACEMENT_3D('',#4769,#3887,#3888);
#3204=AXIS2_PLACEMENT_3D('',#4771,#3889,#3890);
#3205=AXIS2_PLACEMENT_3D('',#4773,#3891,#3892);
#3206=AXIS2_PLACEMENT_3D('',#4778,#3894,#3895);
#3207=AXIS2_PLACEMENT_3D('',#4782,#3897,#3898);
#3208=AXIS2_PLACEMENT_3D('',#4786,#3900,#3901);
#3209=AXIS2_PLACEMENT_3D('',#4789,#3903,#3904);
#3210=AXIS2_PLACEMENT_3D('',#4791,#3905,#3906);
#3211=AXIS2_PLACEMENT_3D('',#4796,#3908,#3909);
#3212=AXIS2_PLACEMENT_3D('',#4800,#3911,#3912);
#3213=AXIS2_PLACEMENT_3D('',#4804,#3914,#3915);
#3214=AXIS2_PLACEMENT_3D('',#4807,#3917,#3918);
#3215=AXIS2_PLACEMENT_3D('',#4812,#3920,#3921);
#3216=AXIS2_PLACEMENT_3D('',#4816,#3923,#3924);
#3217=AXIS2_PLACEMENT_3D('',#4820,#3926,#3927);
#3218=AXIS2_PLACEMENT_3D('',#4823,#3929,#3930);
#3219=AXIS2_PLACEMENT_3D('',#4828,#3932,#3933);
#3220=AXIS2_PLACEMENT_3D('',#4832,#3935,#3936);
#3221=AXIS2_PLACEMENT_3D('',#4836,#3938,#3939);
#3222=AXIS2_PLACEMENT_3D('',#4839,#3941,#3942);
#3223=AXIS2_PLACEMENT_3D('',#4844,#3944,#3945);
#3224=AXIS2_PLACEMENT_3D('',#4848,#3947,#3948);
#3225=AXIS2_PLACEMENT_3D('',#4852,#3950,#3951);
#3226=AXIS2_PLACEMENT_3D('',#4855,#3953,#3954);
#3227=AXIS2_PLACEMENT_3D('',#4856,#3955,#3956);
#3228=AXIS2_PLACEMENT_3D('',#4858,#3957,#3958);
#3229=AXIS2_PLACEMENT_3D('',#4861,#3960,#3961);
#3230=AXIS2_PLACEMENT_3D('',#4862,#3962,#3963);
#3231=AXIS2_PLACEMENT_3D('',#4864,#3964,#3965);
#3232=AXIS2_PLACEMENT_3D('',#4866,#3967,#3968);
#3233=AXIS2_PLACEMENT_3D('',#4867,#3969,#3970);
#3234=AXIS2_PLACEMENT_3D('',#4868,#3971,#3972);
#3235=AXIS2_PLACEMENT_3D('',#4874,#3976,#3977);
#3236=AXIS2_PLACEMENT_3D('',#4876,#3978,#3979);
#3237=AXIS2_PLACEMENT_3D('',#4878,#3981,#3982);
#3238=AXIS2_PLACEMENT_3D('',#4882,#3985,#3986);
#3239=AXIS2_PLACEMENT_3D('',#4884,#3987,#3988);
#3240=AXIS2_PLACEMENT_3D('',#4886,#3990,#3991);
#3241=AXIS2_PLACEMENT_3D('',#4890,#3994,#3995);
#3242=AXIS2_PLACEMENT_3D('',#4892,#3996,#3997);
#3243=AXIS2_PLACEMENT_3D('',#4894,#3999,#4000);
#3244=AXIS2_PLACEMENT_3D('',#4898,#4003,#4004);
#3245=AXIS2_PLACEMENT_3D('',#4899,#4005,#4006);
#3246=AXIS2_PLACEMENT_3D('',#4900,#4007,#4008);
#3247=AXIS2_PLACEMENT_3D('',#4901,#4009,#4010);
#3248=AXIS2_PLACEMENT_3D('',#4907,#4014,#4015);
#3249=AXIS2_PLACEMENT_3D('',#4909,#4016,#4017);
#3250=AXIS2_PLACEMENT_3D('',#4911,#4019,#4020);
#3251=AXIS2_PLACEMENT_3D('',#4915,#4023,#4024);
#3252=AXIS2_PLACEMENT_3D('',#4917,#4025,#4026);
#3253=AXIS2_PLACEMENT_3D('',#4919,#4028,#4029);
#3254=AXIS2_PLACEMENT_3D('',#4923,#4032,#4033);
#3255=AXIS2_PLACEMENT_3D('',#4925,#4034,#4035);
#3256=AXIS2_PLACEMENT_3D('',#4927,#4037,#4038);
#3257=AXIS2_PLACEMENT_3D('',#4931,#4041,#4042);
#3258=AXIS2_PLACEMENT_3D('',#4932,#4043,#4044);
#3259=AXIS2_PLACEMENT_3D('',#4933,#4045,#4046);
#3260=AXIS2_PLACEMENT_3D('',#4934,#4047,#4048);
#3261=AXIS2_PLACEMENT_3D('',#4940,#4052,#4053);
#3262=AXIS2_PLACEMENT_3D('',#4942,#4054,#4055);
#3263=AXIS2_PLACEMENT_3D('',#4944,#4057,#4058);
#3264=AXIS2_PLACEMENT_3D('',#4948,#4061,#4062);
#3265=AXIS2_PLACEMENT_3D('',#4950,#4063,#4064);
#3266=AXIS2_PLACEMENT_3D('',#4952,#4066,#4067);
#3267=AXIS2_PLACEMENT_3D('',#4956,#4070,#4071);
#3268=AXIS2_PLACEMENT_3D('',#4958,#4072,#4073);
#3269=AXIS2_PLACEMENT_3D('',#4960,#4075,#4076);
#3270=AXIS2_PLACEMENT_3D('',#4964,#4079,#4080);
#3271=AXIS2_PLACEMENT_3D('',#4965,#4081,#4082);
#3272=AXIS2_PLACEMENT_3D('',#4966,#4083,#4084);
#3273=AXIS2_PLACEMENT_3D('',#4967,#4085,#4086);
#3274=AXIS2_PLACEMENT_3D('',#4973,#4090,#4091);
#3275=AXIS2_PLACEMENT_3D('',#4975,#4092,#4093);
#3276=AXIS2_PLACEMENT_3D('',#4977,#4095,#4096);
#3277=AXIS2_PLACEMENT_3D('',#4981,#4099,#4100);
#3278=AXIS2_PLACEMENT_3D('',#4983,#4101,#4102);
#3279=AXIS2_PLACEMENT_3D('',#4985,#4104,#4105);
#3280=AXIS2_PLACEMENT_3D('',#4989,#4108,#4109);
#3281=AXIS2_PLACEMENT_3D('',#4991,#4110,#4111);
#3282=AXIS2_PLACEMENT_3D('',#4993,#4113,#4114);
#3283=AXIS2_PLACEMENT_3D('',#4997,#4117,#4118);
#3284=AXIS2_PLACEMENT_3D('',#4998,#4119,#4120);
#3285=AXIS2_PLACEMENT_3D('',#4999,#4121,#4122);
#3286=AXIS2_PLACEMENT_3D('',#5000,#4123,#4124);
#3287=AXIS2_PLACEMENT_3D('',#5002,#4125,#4126);
#3288=AXIS2_PLACEMENT_3D('',#5004,#4128,#4129);
#3289=AXIS2_PLACEMENT_3D('',#5005,#4130,#4131);
#3290=AXIS2_PLACEMENT_3D('',#5011,#4135,#4136);
#3291=AXIS2_PLACEMENT_3D('',#5013,#4137,#4138);
#3292=AXIS2_PLACEMENT_3D('',#5015,#4140,#4141);
#3293=AXIS2_PLACEMENT_3D('',#5019,#4144,#4145);
#3294=AXIS2_PLACEMENT_3D('',#5021,#4146,#4147);
#3295=AXIS2_PLACEMENT_3D('',#5023,#4149,#4150);
#3296=AXIS2_PLACEMENT_3D('',#5027,#4153,#4154);
#3297=AXIS2_PLACEMENT_3D('',#5029,#4155,#4156);
#3298=AXIS2_PLACEMENT_3D('',#5031,#4158,#4159);
#3299=AXIS2_PLACEMENT_3D('',#5035,#4162,#4163);
#3300=AXIS2_PLACEMENT_3D('',#5036,#4164,#4165);
#3301=AXIS2_PLACEMENT_3D('',#5037,#4166,#4167);
#3302=AXIS2_PLACEMENT_3D('',#5038,#4168,#4169);
#3303=AXIS2_PLACEMENT_3D('',#5040,#4170,#4171);
#3304=AXIS2_PLACEMENT_3D('',#5042,#4173,#4174);
#3305=AXIS2_PLACEMENT_3D('',#5043,#4175,#4176);
#3306=AXIS2_PLACEMENT_3D('',#5045,#4177,#4178);
#3307=AXIS2_PLACEMENT_3D('',#5047,#4180,#4181);
#3308=AXIS2_PLACEMENT_3D('',#5048,#4182,#4183);
#3309=AXIS2_PLACEMENT_3D('',#5052,#4186,#4187);
#3310=AXIS2_PLACEMENT_3D('',#5056,#4190,#4191);
#3311=AXIS2_PLACEMENT_3D('',#5060,#4194,#4195);
#3312=AXIS2_PLACEMENT_3D('',#5064,#4198,#4199);
#3313=AXIS2_PLACEMENT_3D('',#5066,#4201,#4202);
#3314=DIRECTION('axis',(0.,0.,1.));
#3315=DIRECTION('refdir',(1.,0.,0.));
#3316=DIRECTION('center_axis',(0.,0.,1.));
#3317=DIRECTION('ref_axis',(0.38268343236509,0.923879532511287,0.));
#3318=DIRECTION('center_axis',(0.,0.,-1.));
#3319=DIRECTION('ref_axis',(0.38268343236509,0.923879532511287,0.));
#3320=DIRECTION('',(0.,0.,-1.));
#3321=DIRECTION('center_axis',(0.,0.,-1.));
#3322=DIRECTION('ref_axis',(0.38268343236509,0.923879532511287,0.));
#3323=DIRECTION('',(0.,0.,1.));
#3324=DIRECTION('center_axis',(0.,1.,0.));
#3325=DIRECTION('ref_axis',(-1.,0.,0.));
#3326=DIRECTION('',(1.,0.,0.));
#3327=DIRECTION('',(0.,0.,1.));
#3328=DIRECTION('',(-1.,0.,0.));
#3329=DIRECTION('center_axis',(0.,0.,1.));
#3330=DIRECTION('ref_axis',(0.382683432365092,0.923879532511286,0.));
#3331=DIRECTION('center_axis',(-0.500000000000002,-0.500000000000001,-0.707106781186545));
#3332=DIRECTION('ref_axis',(0.499999999999999,0.499999999999998,-0.70710678118655));
#3333=DIRECTION('',(0.,0.,1.));
#3334=DIRECTION('center_axis',(0.,0.,1.));
#3335=DIRECTION('ref_axis',(0.382683432365092,0.923879532511286,0.));
#3336=DIRECTION('',(0.,0.,-1.));
#3337=DIRECTION('center_axis',(6.87428503365975E-15,-0.70710678118655,-0.707106781186545));
#3338=DIRECTION('ref_axis',(-6.94463972110129E-15,0.707106781186545,-0.70710678118655));
#3339=DIRECTION('center_axis',(-0.707106781186548,-0.707106781186547,0.));
#3340=DIRECTION('ref_axis',(0.707106781186547,-0.707106781186548,0.));
#3341=DIRECTION('',(-0.707106781186547,0.707106781186548,0.));
#3342=DIRECTION('',(0.,0.,-1.));
#3343=DIRECTION('',(0.707106781186547,-0.707106781186548,0.));
#3344=DIRECTION('center_axis',(6.87428503365975E-15,-0.70710678118655,-0.707106781186545));
#3345=DIRECTION('ref_axis',(-1.,0.,-9.72170712622004E-15));
#3346=DIRECTION('',(-1.,-9.72170712621998E-15,0.));
#3347=DIRECTION('',(-1.04672830578919E-14,0.707106781186545,-0.70710678118655));
#3348=DIRECTION('',(1.,9.72170712621998E-15,0.));
#3349=DIRECTION('',(-0.281084637714817,-0.678598344545847,0.678598344545848));
#3350=DIRECTION('center_axis',(0.,0.,1.));
#3351=DIRECTION('ref_axis',(-0.70710678118654,-0.707106781186555,0.));
#3352=DIRECTION('center_axis',(0.,0.,-1.));
#3353=DIRECTION('ref_axis',(-0.70710678118654,-0.707106781186555,0.));
#3354=DIRECTION('',(0.70710678118655,0.,-0.707106781186545));
#3355=DIRECTION('center_axis',(0.,0.,1.));
#3356=DIRECTION('ref_axis',(-0.70710678118654,-0.707106781186555,0.));
#3357=DIRECTION('center_axis',(-0.70710678118655,4.15574543551538E-16,-0.707106781186545));
#3358=DIRECTION('ref_axis',(-0.707106781186545,0.,0.70710678118655));
#3359=DIRECTION('',(0.707106781186545,0.,-0.70710678118655));
#3360=DIRECTION('',(-5.87711155667591E-16,-1.,0.));
#3361=DIRECTION('',(5.87711155667591E-16,1.,0.));
#3362=DIRECTION('center_axis',(0.,0.,1.));
#3363=DIRECTION('ref_axis',(-0.707106781186555,0.70710678118654,0.));
#3364=DIRECTION('center_axis',(0.,0.,-1.));
#3365=DIRECTION('ref_axis',(-0.707106781186555,0.70710678118654,0.));
#3366=DIRECTION('',(0.,-0.707106781186548,-0.707106781186547));
#3367=DIRECTION('center_axis',(0.,0.,1.));
#3368=DIRECTION('ref_axis',(-0.707106781186555,0.70710678118654,0.));
#3369=DIRECTION('center_axis',(0.,0.707106781186547,-0.707106781186548));
#3370=DIRECTION('ref_axis',(-1.,0.,0.));
#3371=DIRECTION('',(0.,-0.707106781186548,-0.707106781186547));
#3372=DIRECTION('',(-1.,0.,0.));
#3373=DIRECTION('',(1.,0.,0.));
#3374=DIRECTION('center_axis',(0.,0.,1.));
#3375=DIRECTION('ref_axis',(0.707106781186555,0.70710678118654,0.));
#3376=DIRECTION('center_axis',(0.,0.,-1.));
#3377=DIRECTION('ref_axis',(0.707106781186555,0.70710678118654,0.));
#3378=DIRECTION('',(-0.70710678118655,0.,-0.707106781186545));
#3379=DIRECTION('center_axis',(0.,0.,1.));
#3380=DIRECTION('ref_axis',(0.707106781186555,0.70710678118654,0.));
#3381=DIRECTION('center_axis',(0.707106781186545,5.23091709295998E-16,-0.70710678118655));
#3382=DIRECTION('ref_axis',(-0.70710678118655,0.,-0.707106781186545));
#3383=DIRECTION('',(-0.70710678118655,0.,-0.707106781186545));
#3384=DIRECTION('',(-7.39763389651327E-16,1.,0.));
#3385=DIRECTION('',(7.39763389651327E-16,-1.,0.));
#3386=DIRECTION('center_axis',(0.,0.,1.));
#3387=DIRECTION('ref_axis',(0.70710678118654,-0.707106781186555,0.));
#3388=DIRECTION('center_axis',(0.,0.,-1.));
#3389=DIRECTION('ref_axis',(0.70710678118654,-0.707106781186555,0.));
#3390=DIRECTION('',(0.,0.70710678118655,-0.707106781186545));
#3391=DIRECTION('center_axis',(0.,0.,1.));
#3392=DIRECTION('ref_axis',(0.70710678118654,-0.707106781186555,0.));
#3393=DIRECTION('center_axis',(0.,-0.70710678118655,-0.707106781186545));
#3394=DIRECTION('ref_axis',(-1.,0.,0.));
#3395=DIRECTION('',(0.,0.707106781186545,-0.70710678118655));
#3396=DIRECTION('',(1.,0.,0.));
#3397=DIRECTION('',(-1.,0.,0.));
#3398=DIRECTION('center_axis',(0.,0.,1.));
#3399=DIRECTION('ref_axis',(-0.38268343236509,-0.923879532511287,0.));
#3400=DIRECTION('center_axis',(0.,0.,-1.));
#3401=DIRECTION('ref_axis',(-0.38268343236509,-0.923879532511287,0.));
#3402=DIRECTION('',(0.500000000000004,0.500000000000004,-0.707106781186542));
#3403=DIRECTION('center_axis',(0.,0.,1.));
#3404=DIRECTION('ref_axis',(-0.38268343236509,-0.923879532511287,0.));
#3405=DIRECTION('center_axis',(-0.500000000000002,-0.500000000000001,-0.707106781186545));
#3406=DIRECTION('ref_axis',(-0.816496580927724,0.,0.577350269189629));
#3407=DIRECTION('',(0.707106781186547,-0.707106781186548,0.));
#3408=DIRECTION('center_axis',(0.,0.,-1.));
#3409=DIRECTION('ref_axis',(0.707106781186555,0.70710678118654,0.));
#3410=DIRECTION('',(0.,0.,1.));
#3411=DIRECTION('center_axis',(0.,0.,-1.));
#3412=DIRECTION('ref_axis',(0.707106781186555,0.70710678118654,0.));
#3413=DIRECTION('',(0.,0.,-1.));
#3414=DIRECTION('center_axis',(0.,1.,0.));
#3415=DIRECTION('ref_axis',(-1.,0.,0.));
#3416=DIRECTION('',(0.,0.,-1.));
#3417=DIRECTION('',(-1.,0.,0.));
#3418=DIRECTION('',(5.92118946466758E-15,0.,-1.));
#3419=DIRECTION('center_axis',(0.,-1.,0.));
#3420=DIRECTION('ref_axis',(0.,-4.72234378828225E-16,-1.));
#3421=DIRECTION('',(1.,0.,-6.36595771000664E-17));
#3422=DIRECTION('center_axis',(0.,-1.,0.));
#3423=DIRECTION('ref_axis',(1.,0.,-1.74761826798209E-31));
#3424=DIRECTION('',(-2.36847578586703E-14,0.,1.));
#3425=DIRECTION('center_axis',(0.,-1.,0.));
#3426=DIRECTION('ref_axis',(-1.18423789293349E-14,4.72234378828225E-16,
1.));
#3427=DIRECTION('',(-1.,0.,2.54638308400267E-16));
#3428=DIRECTION('center_axis',(0.,-1.,0.));
#3429=DIRECTION('ref_axis',(-1.,0.,2.40297511847552E-31));
#3430=DIRECTION('center_axis',(0.,0.,-1.));
#3431=DIRECTION('ref_axis',(-0.707106781186555,0.70710678118654,0.));
#3432=DIRECTION('',(0.,0.,1.));
#3433=DIRECTION('center_axis',(0.,0.,-1.));
#3434=DIRECTION('ref_axis',(-0.707106781186555,0.70710678118654,0.));
#3435=DIRECTION('center_axis',(-1.,5.87711155667591E-16,0.));
#3436=DIRECTION('ref_axis',(-5.87711155667591E-16,-1.,0.));
#3437=DIRECTION('',(0.,0.,-1.));
#3438=DIRECTION('',(-5.87711155667591E-16,-1.,0.));
#3439=DIRECTION('center_axis',(1.,-5.87711155667591E-16,0.));
#3440=DIRECTION('ref_axis',(0.,-1.,0.));
#3441=DIRECTION('center_axis',(1.,-5.87711155667591E-16,0.));
#3442=DIRECTION('ref_axis',(0.,-1.,0.));
#3443=DIRECTION('center_axis',(1.,-5.87711155667591E-16,0.));
#3444=DIRECTION('ref_axis',(0.,-1.,0.));
#3445=DIRECTION('center_axis',(1.,-5.87711155667591E-16,0.));
#3446=DIRECTION('ref_axis',(0.,-1.,0.));
#3447=DIRECTION('center_axis',(1.,-5.87711155667591E-16,0.));
#3448=DIRECTION('ref_axis',(0.,-1.,0.));
#3449=DIRECTION('center_axis',(0.,0.,-1.));
#3450=DIRECTION('ref_axis',(-0.70710678118654,-0.707106781186555,0.));
#3451=DIRECTION('',(0.,0.,1.));
#3452=DIRECTION('center_axis',(0.,0.,-1.));
#3453=DIRECTION('ref_axis',(-0.70710678118654,-0.707106781186555,0.));
#3454=DIRECTION('center_axis',(9.72170712621998E-15,-1.,0.));
#3455=DIRECTION('ref_axis',(1.,9.72170712621998E-15,0.));
#3456=DIRECTION('',(1.,9.72170712621998E-15,0.));
#3457=DIRECTION('center_axis',(0.,0.,-1.));
#3458=DIRECTION('ref_axis',(-1.,0.,0.));
#3459=DIRECTION('center_axis',(0.,0.,-1.));
#3460=DIRECTION('ref_axis',(-0.38268343236509,-0.923879532511287,0.));
#3461=DIRECTION('',(0.,0.,1.));
#3462=DIRECTION('center_axis',(0.,0.,-1.));
#3463=DIRECTION('ref_axis',(-0.38268343236509,-0.923879532511287,0.));
#3464=DIRECTION('center_axis',(0.,-1.,0.));
#3465=DIRECTION('ref_axis',(1.,0.,0.));
#3466=DIRECTION('',(0.,0.,-1.));
#3467=DIRECTION('',(1.,0.,0.));
#3468=DIRECTION('center_axis',(1.,7.39763389651327E-16,0.));
#3469=DIRECTION('ref_axis',(-7.39763389651327E-16,1.,0.));
#3470=DIRECTION('',(-7.39763389651327E-16,1.,0.));
#3471=DIRECTION('',(0.,0.,1.));
#3472=DIRECTION('center_axis',(-1.,-7.39763389651327E-16,0.));
#3473=DIRECTION('ref_axis',(0.,1.,0.));
#3474=DIRECTION('',(7.39763389651327E-16,-1.,-3.18297885500326E-16));
#3475=DIRECTION('center_axis',(-1.,-7.39763389651327E-16,0.));
#3476=DIRECTION('ref_axis',(0.,-1.,-4.44089209850062E-15));
#3477=DIRECTION('',(0.,0.,1.));
#3478=DIRECTION('center_axis',(-1.,-7.39763389651327E-16,0.));
#3479=DIRECTION('ref_axis',(0.,0.,1.));
#3480=DIRECTION('',(-7.39763389651327E-16,1.,0.));
#3481=DIRECTION('center_axis',(-1.,-7.39763389651327E-16,0.));
#3482=DIRECTION('ref_axis',(0.,1.,7.40148683083436E-16));
#3483=DIRECTION('',(0.,0.,-1.));
#3484=DIRECTION('center_axis',(-1.,-7.39763389651327E-16,0.));
#3485=DIRECTION('ref_axis',(0.,0.,-1.));
#3486=DIRECTION('center_axis',(-1.,-7.39763389651327E-16,0.));
#3487=DIRECTION('ref_axis',(0.,1.,0.));
#3488=DIRECTION('',(-7.39763389651321E-16,0.999999999999991,-1.36262845738606E-7));
#3489=DIRECTION('center_axis',(-1.,-7.39763389651327E-16,0.));
#3490=DIRECTION('ref_axis',(0.,1.,0.));
#3491=DIRECTION('',(7.39763389651321E-16,-0.999999999999991,1.36262844306022E-7));
#3492=DIRECTION('',(7.39763389651321E-16,-0.999999999999991,-1.36262843279987E-7));
#3493=DIRECTION('center_axis',(-1.,-7.39763389651327E-16,0.));
#3494=DIRECTION('ref_axis',(0.,1.,0.));
#3495=DIRECTION('',(-7.39763389651321E-16,0.999999999999991,1.36262845188208E-7));
#3496=DIRECTION('center_axis',(-1.,-7.39763389651327E-16,0.));
#3497=DIRECTION('ref_axis',(0.,1.,0.));
#3498=DIRECTION('',(7.39763389651327E-16,-1.,0.));
#3499=DIRECTION('center_axis',(-1.,-7.39763389651327E-16,0.));
#3500=DIRECTION('ref_axis',(0.,1.,0.));
#3501=DIRECTION('',(-7.39763389651327E-16,1.,0.));
#3502=DIRECTION('center_axis',(-1.,-7.39763389651327E-16,0.));
#3503=DIRECTION('ref_axis',(0.,1.,0.));
#3504=DIRECTION('',(7.39763389651327E-16,-1.,0.));
#3505=DIRECTION('center_axis',(-1.,-7.39763389651327E-16,0.));
#3506=DIRECTION('ref_axis',(0.,1.,0.));
#3507=DIRECTION('',(-7.39763389651321E-16,0.999999999999991,1.36262845937776E-7));
#3508=DIRECTION('center_axis',(-1.,-7.39763389651327E-16,0.));
#3509=DIRECTION('ref_axis',(0.,1.,0.));
#3510=DIRECTION('',(7.39763389651327E-16,-1.,0.));
#3511=DIRECTION('center_axis',(-1.,-7.39763389651327E-16,0.));
#3512=DIRECTION('ref_axis',(0.,1.,0.));
#3513=DIRECTION('',(-7.39763389651327E-16,1.,0.));
#3514=DIRECTION('center_axis',(-1.,-7.39763389651327E-16,0.));
#3515=DIRECTION('ref_axis',(0.,1.,0.));
#3516=DIRECTION('',(-7.39763389651321E-16,0.999999999999991,1.36262845738606E-7));
#3517=DIRECTION('center_axis',(-1.,-7.39763389651327E-16,0.));
#3518=DIRECTION('ref_axis',(0.,1.,0.));
#3519=DIRECTION('',(7.39763389651321E-16,-0.999999999999991,-1.36262844306022E-7));
#3520=DIRECTION('center_axis',(-1.,-7.39763389651327E-16,0.));
#3521=DIRECTION('ref_axis',(0.,1.,0.));
#3522=DIRECTION('center_axis',(-1.,-7.39763389651327E-16,0.));
#3523=DIRECTION('ref_axis',(0.,1.,0.));
#3524=DIRECTION('',(-7.39763389651321E-16,0.999999999999991,-1.36262845188208E-7));
#3525=DIRECTION('center_axis',(-1.,-7.39763389651327E-16,0.));
#3526=DIRECTION('ref_axis',(0.,1.,0.));
#3527=DIRECTION('',(7.39763389651321E-16,-0.999999999999991,1.36262843279987E-7));
#3528=DIRECTION('',(7.39763389651321E-16,-0.999999999999991,-1.36262844306022E-7));
#3529=DIRECTION('center_axis',(-1.,-7.39763389651327E-16,0.));
#3530=DIRECTION('ref_axis',(0.,1.,0.));
#3531=DIRECTION('',(-7.39763389651321E-16,0.999999999999991,1.36262845738606E-7));
#3532=DIRECTION('center_axis',(-1.,-7.39763389651327E-16,0.));
#3533=DIRECTION('ref_axis',(0.,1.,0.));
#3534=DIRECTION('',(7.39763389651327E-16,-1.,0.));
#3535=DIRECTION('center_axis',(-1.,-7.39763389651327E-16,0.));
#3536=DIRECTION('ref_axis',(0.,1.,0.));
#3537=DIRECTION('',(-7.39763389651321E-16,0.999999999999991,1.36262845430149E-7));
#3538=DIRECTION('center_axis',(-1.,-7.39763389651327E-16,0.));
#3539=DIRECTION('ref_axis',(0.,1.,0.));
#3540=DIRECTION('',(7.39763389651327E-16,-1.,0.));
#3541=DIRECTION('center_axis',(-1.,-7.39763389651327E-16,0.));
#3542=DIRECTION('ref_axis',(0.,1.,0.));
#3543=DIRECTION('',(-7.39763389651327E-16,1.,0.));
#3544=DIRECTION('center_axis',(-1.,-7.39763389651327E-16,0.));
#3545=DIRECTION('ref_axis',(0.,1.,0.));
#3546=DIRECTION('',(7.39763389651327E-16,-1.,0.));
#3547=DIRECTION('center_axis',(-1.,-7.39763389651327E-16,0.));
#3548=DIRECTION('ref_axis',(0.,1.,0.));
#3549=DIRECTION('',(-7.39763389651321E-16,0.999999999999991,1.36262845937776E-7));
#3550=DIRECTION('center_axis',(-1.,-7.39763389651327E-16,0.));
#3551=DIRECTION('ref_axis',(0.,1.,0.));
#3552=DIRECTION('center_axis',(-1.,-7.39763389651327E-16,0.));
#3553=DIRECTION('ref_axis',(0.,1.,0.));
#3554=DIRECTION('',(-7.39763389651321E-16,0.999999999999991,-1.36262845738606E-7));
#3555=DIRECTION('center_axis',(-1.,-7.39763389651327E-16,0.));
#3556=DIRECTION('ref_axis',(0.,1.,0.));
#3557=DIRECTION('',(7.39763389651321E-16,-0.999999999999991,1.36262844306022E-7));
#3558=DIRECTION('center_axis',(0.,0.,-1.));
#3559=DIRECTION('ref_axis',(0.70710678118654,-0.707106781186555,0.));
#3560=DIRECTION('center_axis',(0.,0.,-1.));
#3561=DIRECTION('ref_axis',(0.70710678118654,-0.707106781186555,0.));
#3562=DIRECTION('center_axis',(-1.,0.,0.));
#3563=DIRECTION('ref_axis',(0.,1.,0.));
#3564=DIRECTION('center_axis',(1.,0.,0.));
#3565=DIRECTION('ref_axis',(0.,1.,0.));
#3566=DIRECTION('',(-1.,0.,0.));
#3567=DIRECTION('',(-1.,0.,0.));
#3568=DIRECTION('center_axis',(0.,1.36262845738606E-7,0.999999999999991));
#3569=DIRECTION('ref_axis',(0.,0.999999999999991,-1.36262845738606E-7));
#3570=DIRECTION('',(0.,-0.999999999999991,1.36262845738606E-7));
#3571=DIRECTION('',(-1.,0.,0.));
#3572=DIRECTION('center_axis',(-1.,0.,0.));
#3573=DIRECTION('ref_axis',(0.,-0.999999999999991,1.36262849769967E-7));
#3574=DIRECTION('center_axis',(1.,0.,0.));
#3575=DIRECTION('ref_axis',(0.,1.,0.));
#3576=DIRECTION('',(-1.,0.,0.));
#3577=DIRECTION('center_axis',(0.,-1.36262844306022E-7,-0.999999999999991));
#3578=DIRECTION('ref_axis',(0.,-0.999999999999991,1.36262844306022E-7));
#3579=DIRECTION('',(0.,0.999999999999991,-1.36262844306022E-7));
#3580=DIRECTION('center_axis',(0.,-1.36262845937776E-7,0.999999999999991));
#3581=DIRECTION('ref_axis',(0.,0.999999999999991,1.36262845937776E-7));
#3582=DIRECTION('',(0.,-0.999999999999991,-1.36262845937776E-7));
#3583=DIRECTION('',(-1.,0.,0.));
#3584=DIRECTION('',(-1.,0.,0.));
#3585=DIRECTION('center_axis',(-1.,0.,0.));
#3586=DIRECTION('ref_axis',(0.,-0.999999740853387,0.000719925800877444));
#3587=DIRECTION('center_axis',(1.,0.,0.));
#3588=DIRECTION('ref_axis',(0.,1.,0.));
#3589=DIRECTION('',(-1.,0.,0.));
#3590=DIRECTION('center_axis',(0.,0.,-1.));
#3591=DIRECTION('ref_axis',(0.,-1.,0.));
#3592=DIRECTION('',(0.,1.,0.));
#3593=DIRECTION('',(-1.,0.,0.));
#3594=DIRECTION('center_axis',(-1.,0.,0.));
#3595=DIRECTION('ref_axis',(0.,1.,0.));
#3596=DIRECTION('center_axis',(1.,0.,0.));
#3597=DIRECTION('ref_axis',(0.,1.,0.));
#3598=DIRECTION('center_axis',(0.,0.,1.));
#3599=DIRECTION('ref_axis',(0.,1.,0.));
#3600=DIRECTION('',(0.,-1.,0.));
#3601=DIRECTION('',(-1.,0.,0.));
#3602=DIRECTION('',(-1.,0.,0.));
#3603=DIRECTION('center_axis',(-1.,0.,0.));
#3604=DIRECTION('ref_axis',(0.,-1.,7.87114109738639E-15));
#3605=DIRECTION('center_axis',(1.,0.,0.));
#3606=DIRECTION('ref_axis',(0.,1.,0.));
#3607=DIRECTION('',(-1.,0.,0.));
#3608=DIRECTION('center_axis',(0.,0.,-1.));
#3609=DIRECTION('ref_axis',(0.,-1.,0.));
#3610=DIRECTION('',(0.,1.,0.));
#3611=DIRECTION('',(-1.,0.,0.));
#3612=DIRECTION('center_axis',(-1.,0.,0.));
#3613=DIRECTION('ref_axis',(0.,1.,0.));
#3614=DIRECTION('center_axis',(1.,0.,0.));
#3615=DIRECTION('ref_axis',(0.,1.,0.));
#3616=DIRECTION('center_axis',(0.,-1.36262845430149E-7,0.999999999999991));
#3617=DIRECTION('ref_axis',(0.,0.999999999999991,1.36262845430149E-7));
#3618=DIRECTION('',(0.,-0.999999999999991,-1.36262845430149E-7));
#3619=DIRECTION('',(-1.,0.,0.));
#3620=DIRECTION('',(-1.,0.,0.));
#3621=DIRECTION('center_axis',(-1.,0.,0.));
#3622=DIRECTION('ref_axis',(0.,-0.999999740853387,0.000719925800877444));
#3623=DIRECTION('center_axis',(1.,0.,0.));
#3624=DIRECTION('ref_axis',(0.,1.,0.));
#3625=DIRECTION('',(-1.,0.,0.));
#3626=DIRECTION('center_axis',(0.,0.,-1.));
#3627=DIRECTION('ref_axis',(0.,-1.,0.));
#3628=DIRECTION('',(0.,1.,0.));
#3629=DIRECTION('',(-1.,0.,0.));
#3630=DIRECTION('center_axis',(-1.,0.,0.));
#3631=DIRECTION('ref_axis',(0.,1.,0.));
#3632=DIRECTION('center_axis',(1.,0.,0.));
#3633=DIRECTION('ref_axis',(0.,1.,0.));
#3634=DIRECTION('center_axis',(0.,-1.36262845738606E-7,0.999999999999991));
#3635=DIRECTION('ref_axis',(0.,0.999999999999991,1.36262845738606E-7));
#3636=DIRECTION('',(0.,-0.999999999999991,-1.36262845738606E-7));
#3637=DIRECTION('',(-1.,0.,0.));
#3638=DIRECTION('',(-1.,0.,0.));
#3639=DIRECTION('center_axis',(-1.,0.,0.));
#3640=DIRECTION('ref_axis',(0.,-0.999999740853387,0.000719925800947166));
#3641=DIRECTION('center_axis',(1.,0.,0.));
#3642=DIRECTION('ref_axis',(0.,1.,0.));
#3643=DIRECTION('',(-1.,0.,0.));
#3644=DIRECTION('center_axis',(0.,1.36262844306022E-7,-0.999999999999991));
#3645=DIRECTION('ref_axis',(0.,-0.999999999999991,-1.36262844306022E-7));
#3646=DIRECTION('',(0.,0.999999999999991,1.36262844306022E-7));
#3647=DIRECTION('',(-1.,0.,0.));
#3648=DIRECTION('center_axis',(-1.,0.,0.));
#3649=DIRECTION('ref_axis',(0.,1.,0.));
#3650=DIRECTION('center_axis',(1.,0.,0.));
#3651=DIRECTION('ref_axis',(0.,1.,0.));
#3652=DIRECTION('center_axis',(-1.,0.,0.));
#3653=DIRECTION('ref_axis',(0.,1.,0.));
#3654=DIRECTION('center_axis',(1.,0.,0.));
#3655=DIRECTION('ref_axis',(0.,1.,0.));
#3656=DIRECTION('',(-1.,0.,0.));
#3657=DIRECTION('',(-1.,0.,0.));
#3658=DIRECTION('center_axis',(0.,1.36262845188208E-7,0.999999999999991));
#3659=DIRECTION('ref_axis',(0.,0.999999999999991,-1.36262845188208E-7));
#3660=DIRECTION('',(0.,-0.999999999999991,1.36262845188208E-7));
#3661=DIRECTION('',(-1.,0.,0.));
#3662=DIRECTION('center_axis',(-1.,0.,0.));
#3663=DIRECTION('ref_axis',(0.,-0.999999999999991,1.36262849769967E-7));
#3664=DIRECTION('center_axis',(1.,0.,0.));
#3665=DIRECTION('ref_axis',(0.,1.,0.));
#3666=DIRECTION('',(-1.,0.,0.));
#3667=DIRECTION('center_axis',(0.,-1.36262843279987E-7,-0.999999999999991));
#3668=DIRECTION('ref_axis',(0.,-0.999999999999991,1.36262843279987E-7));
#3669=DIRECTION('',(0.,0.999999999999991,-1.36262843279987E-7));
#3670=DIRECTION('center_axis',(0.,1.36262844306022E-7,-0.999999999999991));
#3671=DIRECTION('ref_axis',(0.,-0.999999999999991,-1.36262844306022E-7));
#3672=DIRECTION('',(0.,0.999999999999991,1.36262844306022E-7));
#3673=DIRECTION('',(-1.,0.,0.));
#3674=DIRECTION('',(-1.,0.,0.));
#3675=DIRECTION('center_axis',(-1.,0.,0.));
#3676=DIRECTION('ref_axis',(0.,1.,0.));
#3677=DIRECTION('center_axis',(1.,0.,0.));
#3678=DIRECTION('ref_axis',(0.,1.,0.));
#3679=DIRECTION('',(-1.,0.,0.));
#3680=DIRECTION('center_axis',(0.,-1.36262845738606E-7,0.999999999999991));
#3681=DIRECTION('ref_axis',(0.,0.999999999999991,1.36262845738606E-7));
#3682=DIRECTION('',(0.,-0.999999999999991,-1.36262845738606E-7));
#3683=DIRECTION('',(-1.,0.,0.));
#3684=DIRECTION('center_axis',(-1.,0.,0.));
#3685=DIRECTION('ref_axis',(0.,-0.999999740853924,0.000719925054475142));
#3686=DIRECTION('center_axis',(1.,0.,0.));
#3687=DIRECTION('ref_axis',(0.,1.,0.));
#3688=DIRECTION('center_axis',(0.,0.,1.));
#3689=DIRECTION('ref_axis',(0.,1.,0.));
#3690=DIRECTION('',(0.,-1.,0.));
#3691=DIRECTION('',(-1.,0.,0.));
#3692=DIRECTION('',(-1.,0.,0.));
#3693=DIRECTION('center_axis',(-1.,0.,0.));
#3694=DIRECTION('ref_axis',(0.,-1.,7.87114109738639E-15));
#3695=DIRECTION('center_axis',(1.,0.,0.));
#3696=DIRECTION('ref_axis',(0.,1.,0.));
#3697=DIRECTION('',(-1.,0.,0.));
#3698=DIRECTION('center_axis',(0.,0.,-1.));
#3699=DIRECTION('ref_axis',(0.,-1.,0.));
#3700=DIRECTION('',(0.,1.,0.));
#3701=DIRECTION('',(-1.,0.,0.));
#3702=DIRECTION('center_axis',(-1.,0.,0.));
#3703=DIRECTION('ref_axis',(0.,1.,0.));
#3704=DIRECTION('center_axis',(1.,0.,0.));
#3705=DIRECTION('ref_axis',(0.,1.,0.));
#3706=DIRECTION('center_axis',(0.,-1.36262845937776E-7,0.999999999999991));
#3707=DIRECTION('ref_axis',(0.,0.999999999999991,1.36262845937776E-7));
#3708=DIRECTION('',(0.,-0.999999999999991,-1.36262845937776E-7));
#3709=DIRECTION('',(-1.,0.,0.));
#3710=DIRECTION('',(-1.,0.,0.));
#3711=DIRECTION('center_axis',(-1.,0.,0.));
#3712=DIRECTION('ref_axis',(0.,-0.999999740853387,0.000719925800877444));
#3713=DIRECTION('center_axis',(1.,0.,0.));
#3714=DIRECTION('ref_axis',(0.,1.,0.));
#3715=DIRECTION('',(-1.,0.,0.));
#3716=DIRECTION('center_axis',(0.,0.,-1.));
#3717=DIRECTION('ref_axis',(0.,-1.,0.));
#3718=DIRECTION('',(0.,1.,0.));
#3719=DIRECTION('',(-1.,0.,0.));
#3720=DIRECTION('center_axis',(-1.,0.,0.));
#3721=DIRECTION('ref_axis',(0.,1.,0.));
#3722=DIRECTION('center_axis',(1.,0.,0.));
#3723=DIRECTION('ref_axis',(0.,1.,0.));
#3724=DIRECTION('center_axis',(0.,0.,1.));
#3725=DIRECTION('ref_axis',(0.,1.,0.));
#3726=DIRECTION('',(0.,-1.,0.));
#3727=DIRECTION('',(-1.,0.,0.));
#3728=DIRECTION('',(-1.,0.,0.));
#3729=DIRECTION('center_axis',(-1.,0.,0.));
#3730=DIRECTION('ref_axis',(0.,-1.,7.87114109738639E-15));
#3731=DIRECTION('center_axis',(1.,0.,0.));
#3732=DIRECTION('ref_axis',(0.,1.,0.));
#3733=DIRECTION('',(-1.,0.,0.));
#3734=DIRECTION('center_axis',(0.,0.,-1.));
#3735=DIRECTION('ref_axis',(0.,-1.,0.));
#3736=DIRECTION('',(0.,1.,0.));
#3737=DIRECTION('',(-1.,0.,0.));
#3738=DIRECTION('center_axis',(-1.,0.,0.));
#3739=DIRECTION('ref_axis',(0.,1.,0.));
#3740=DIRECTION('center_axis',(1.,0.,0.));
#3741=DIRECTION('ref_axis',(0.,1.,0.));
#3742=DIRECTION('center_axis',(0.,-1.36262845188208E-7,0.999999999999991));
#3743=DIRECTION('ref_axis',(0.,0.999999999999991,1.36262845188208E-7));
#3744=DIRECTION('',(0.,-0.999999999999991,-1.36262845188208E-7));
#3745=DIRECTION('',(-1.,0.,0.));
#3746=DIRECTION('',(-1.,0.,0.));
#3747=DIRECTION('center_axis',(-1.,0.,0.));
#3748=DIRECTION('ref_axis',(0.,-0.999999740853387,0.000719925800947166));
#3749=DIRECTION('center_axis',(1.,0.,0.));
#3750=DIRECTION('ref_axis',(0.,1.,0.));
#3751=DIRECTION('',(-1.,0.,0.));
#3752=DIRECTION('center_axis',(0.,1.36262843279987E-7,-0.999999999999991));
#3753=DIRECTION('ref_axis',(0.,-0.999999999999991,-1.36262843279987E-7));
#3754=DIRECTION('',(0.,0.999999999999991,1.36262843279987E-7));
#3755=DIRECTION('',(-1.,0.,0.));
#3756=DIRECTION('center_axis',(-1.,0.,0.));
#3757=DIRECTION('ref_axis',(0.,1.,0.));
#3758=DIRECTION('center_axis',(1.,0.,0.));
#3759=DIRECTION('ref_axis',(0.,1.,0.));
#3760=DIRECTION('center_axis',(-1.,0.,0.));
#3761=DIRECTION('ref_axis',(0.,1.,0.));
#3762=DIRECTION('center_axis',(1.,0.,0.));
#3763=DIRECTION('ref_axis',(0.,1.,0.));
#3764=DIRECTION('',(-1.,0.,0.));
#3765=DIRECTION('',(-1.,0.,0.));
#3766=DIRECTION('center_axis',(0.,1.36262845738606E-7,0.999999999999991));
#3767=DIRECTION('ref_axis',(0.,0.999999999999991,-1.36262845738606E-7));
#3768=DIRECTION('',(0.,-0.999999999999991,1.36262845738606E-7));
#3769=DIRECTION('',(-1.,0.,0.));
#3770=DIRECTION('center_axis',(-1.,0.,0.));
#3771=DIRECTION('ref_axis',(0.,-0.999999999999991,1.36262849769967E-7));
#3772=DIRECTION('center_axis',(1.,0.,0.));
#3773=DIRECTION('ref_axis',(0.,1.,0.));
#3774=DIRECTION('',(-1.,0.,0.));
#3775=DIRECTION('center_axis',(0.,-1.36262844306022E-7,-0.999999999999991));
#3776=DIRECTION('ref_axis',(0.,-0.999999999999991,1.36262844306022E-7));
#3777=DIRECTION('',(0.,0.999999999999991,-1.36262844306022E-7));
#3778=DIRECTION('center_axis',(1.,0.,0.));
#3779=DIRECTION('ref_axis',(0.,-1.,0.));
#3780=DIRECTION('',(1.,0.,0.));
#3781=DIRECTION('center_axis',(-1.,6.57301381399917E-16,0.));
#3782=DIRECTION('ref_axis',(0.,-1.,0.));
#3783=DIRECTION('center_axis',(1.,0.,0.));
#3784=DIRECTION('ref_axis',(0.,-1.,0.));
#3785=DIRECTION('',(1.,0.,0.));
#3786=DIRECTION('center_axis',(-1.,6.57301381399917E-16,0.));
#3787=DIRECTION('ref_axis',(0.,-1.,0.));
#3788=DIRECTION('center_axis',(1.,0.,0.));
#3789=DIRECTION('ref_axis',(0.,-1.,0.));
#3790=DIRECTION('',(1.,0.,0.));
#3791=DIRECTION('center_axis',(-1.,6.57301381399917E-16,0.));
#3792=DIRECTION('ref_axis',(0.,-1.,0.));
#3793=DIRECTION('center_axis',(1.,0.,0.));
#3794=DIRECTION('ref_axis',(0.,-1.,0.));
#3795=DIRECTION('',(1.,0.,0.));
#3796=DIRECTION('center_axis',(-1.,6.57301381399917E-16,0.));
#3797=DIRECTION('ref_axis',(0.,-1.,0.));
#3798=DIRECTION('center_axis',(1.,0.,0.));
#3799=DIRECTION('ref_axis',(0.,-1.,0.));
#3800=DIRECTION('',(1.,0.,0.));
#3801=DIRECTION('center_axis',(-1.,6.57301381399917E-16,0.));
#3802=DIRECTION('ref_axis',(0.,-1.,0.));
#3803=DIRECTION('center_axis',(1.,1.11847569150861E-29,2.36847578586703E-14));
#3804=DIRECTION('ref_axis',(-2.36847578586703E-14,0.,1.));
#3805=DIRECTION('',(2.36847578586703E-14,0.,-1.));
#3806=DIRECTION('',(0.,1.,-3.55157717410479E-16));
#3807=DIRECTION('',(0.,1.,-3.55157717410479E-16));
#3808=DIRECTION('center_axis',(0.,-1.,4.72234378828225E-16));
#3809=DIRECTION('ref_axis',(1.,0.,-1.74761826798209E-31));
#3810=DIRECTION('center_axis',(0.,1.,0.));
#3811=DIRECTION('ref_axis',(1.,0.,-1.74761826798209E-31));
#3812=DIRECTION('',(0.,1.,-3.55157717410479E-16));
#3813=DIRECTION('center_axis',(-6.36595771000664E-17,-4.72234378828225E-16,
-1.));
#3814=DIRECTION('ref_axis',(1.,-1.23340430631379E-16,-6.36595771000663E-17));
#3815=DIRECTION('',(-1.,0.,6.36595771000664E-17));
#3816=DIRECTION('',(0.,-1.,4.72234378828225E-16));
#3817=DIRECTION('center_axis',(0.,-1.,4.72234378828225E-16));
#3818=DIRECTION('ref_axis',(0.,-4.72234378828225E-16,-1.));
#3819=DIRECTION('center_axis',(0.,1.,0.));
#3820=DIRECTION('ref_axis',(0.,-4.72234378828225E-16,-1.));
#3821=DIRECTION('',(0.,1.,-3.55157717410479E-16));
#3822=DIRECTION('center_axis',(-1.,-2.79618922877152E-30,-5.92118946466758E-15));
#3823=DIRECTION('ref_axis',(5.92118946466758E-15,-4.85722573273513E-16,
-1.));
#3824=DIRECTION('',(-5.92118946466758E-15,0.,1.));
#3825=DIRECTION('',(0.,1.,-3.55157717410479E-16));
#3826=DIRECTION('center_axis',(0.,-1.,4.72234378828225E-16));
#3827=DIRECTION('ref_axis',(-1.,0.,2.40297511847552E-31));
#3828=DIRECTION('center_axis',(0.,1.,0.));
#3829=DIRECTION('ref_axis',(-1.,0.,2.40297511847552E-31));
#3830=DIRECTION('',(0.,1.,-3.55157717410479E-16));
#3831=DIRECTION('center_axis',(2.54638308400267E-16,4.72234378828225E-16,
1.));
#3832=DIRECTION('ref_axis',(-1.,5.72936193900599E-16,2.54638308400266E-16));
#3833=DIRECTION('',(1.,0.,-2.54638308400267E-16));
#3834=DIRECTION('',(0.,1.,-3.55157717410479E-16));
#3835=DIRECTION('center_axis',(0.,-1.,4.72234378828225E-16));
#3836=DIRECTION('ref_axis',(-1.18423789293349E-14,4.72234378828225E-16,
1.));
#3837=DIRECTION('center_axis',(0.,1.,0.));
#3838=DIRECTION('ref_axis',(-1.18423789293349E-14,4.72234378828225E-16,
1.));
#3839=DIRECTION('center_axis',(0.,0.,1.));
#3840=DIRECTION('ref_axis',(0.,1.,0.));
#3841=DIRECTION('',(0.,-1.,0.));
#3842=DIRECTION('',(-1.,0.,0.));
#3843=DIRECTION('',(-1.,0.,0.));
#3844=DIRECTION('center_axis',(-1.,0.,0.));
#3845=DIRECTION('ref_axis',(0.,0.,1.));
#3846=DIRECTION('center_axis',(1.,0.,0.));
#3847=DIRECTION('ref_axis',(0.,0.,1.));
#3848=DIRECTION('',(-1.,0.,0.));
#3849=DIRECTION('center_axis',(0.,-1.,0.));
#3850=DIRECTION('ref_axis',(0.,0.,1.));
#3851=DIRECTION('',(0.,0.,-1.));
#3852=DIRECTION('',(-1.,0.,0.));
#3853=DIRECTION('center_axis',(-1.,0.,0.));
#3854=DIRECTION('ref_axis',(0.,-1.,-4.44089209850062E-15));
#3855=DIRECTION('center_axis',(1.,0.,0.));
#3856=DIRECTION('ref_axis',(0.,-1.,-4.44089209850062E-15));
#3857=DIRECTION('',(-1.,0.,0.));
#3858=DIRECTION('center_axis',(0.,3.18297885500326E-16,-1.));
#3859=DIRECTION('ref_axis',(0.,-1.,-3.18297885500326E-16));
#3860=DIRECTION('',(0.,1.,3.18297885500326E-16));
#3861=DIRECTION('',(-1.,0.,0.));
#3862=DIRECTION('center_axis',(-1.,0.,0.));
#3863=DIRECTION('ref_axis',(0.,0.,-1.));
#3864=DIRECTION('center_axis',(1.,0.,0.));
#3865=DIRECTION('ref_axis',(0.,0.,-1.));
#3866=DIRECTION('',(-1.,0.,0.));
#3867=DIRECTION('center_axis',(0.,1.,0.));
#3868=DIRECTION('ref_axis',(0.,0.,-1.));
#3869=DIRECTION('',(0.,0.,1.));
#3870=DIRECTION('',(-1.,0.,0.));
#3871=DIRECTION('center_axis',(-1.,0.,0.));
#3872=DIRECTION('ref_axis',(0.,1.,7.40148683083436E-16));
#3873=DIRECTION('center_axis',(1.,0.,0.));
#3874=DIRECTION('ref_axis',(0.,1.,7.40148683083436E-16));
#3875=DIRECTION('center_axis',(-1.,0.,0.));
#3876=DIRECTION('ref_axis',(0.,1.,0.));
#3877=DIRECTION('',(-1.,0.,0.));
#3878=DIRECTION('center_axis',(1.,0.,0.));
#3879=DIRECTION('ref_axis',(0.,1.,0.));
#3880=DIRECTION('center_axis',(0.,0.,-1.));
#3881=DIRECTION('ref_axis',(1.,0.,0.));
#3882=DIRECTION('',(0.707106781186546,-0.707106781186549,0.));
#3883=DIRECTION('',(1.,0.,0.));
#3884=DIRECTION('',(0.,1.,0.));
#3885=DIRECTION('',(-1.,0.,0.));
#3886=DIRECTION('',(-6.57301381399917E-16,-1.,0.));
#3887=DIRECTION('center_axis',(0.,0.,-1.));
#3888=DIRECTION('ref_axis',(1.,0.,0.));
#3889=DIRECTION('center_axis',(0.,0.,-1.));
#3890=DIRECTION('ref_axis',(1.,0.,0.));
#3891=DIRECTION('center_axis',(0.,0.,-1.));
#3892=DIRECTION('ref_axis',(1.,0.,0.));
#3893=DIRECTION('',(-1.,0.,0.));
#3894=DIRECTION('center_axis',(0.,0.,-1.));
#3895=DIRECTION('ref_axis',(0.,-1.,0.));
#3896=DIRECTION('',(-1.77635677322581E-14,1.,0.));
#3897=DIRECTION('center_axis',(0.,0.,-1.));
#3898=DIRECTION('ref_axis',(-1.,0.,0.));
#3899=DIRECTION('',(1.,-3.55271356233354E-15,0.));
#3900=DIRECTION('center_axis',(0.,0.,-1.));
#3901=DIRECTION('ref_axis',(0.,1.,0.));
#3902=DIRECTION('',(1.77635677322583E-14,-1.,0.));
#3903=DIRECTION('center_axis',(0.,0.,-1.));
#3904=DIRECTION('ref_axis',(1.,-5.92118946466742E-15,0.));
#3905=DIRECTION('center_axis',(0.,0.,-1.));
#3906=DIRECTION('ref_axis',(1.,0.,0.));
#3907=DIRECTION('',(1.,2.40103219807243E-15,0.));
#3908=DIRECTION('center_axis',(0.,0.,-1.));
#3909=DIRECTION('ref_axis',(0.,1.,0.));
#3910=DIRECTION('',(0.,-1.,0.));
#3911=DIRECTION('center_axis',(0.,0.,-1.));
#3912=DIRECTION('ref_axis',(1.,0.,0.));
#3913=DIRECTION('',(-1.,-2.40103219807243E-15,0.));
#3914=DIRECTION('center_axis',(0.,0.,-1.));
#3915=DIRECTION('ref_axis',(-2.86509167645196E-14,-1.,0.));
#3916=DIRECTION('',(0.,1.,0.));
#3917=DIRECTION('center_axis',(0.,0.,-1.));
#3918=DIRECTION('ref_axis',(-1.,1.43254583822602E-14,0.));
#3919=DIRECTION('',(1.77635677322583E-14,-1.,0.));
#3920=DIRECTION('center_axis',(0.,0.,-1.));
#3921=DIRECTION('ref_axis',(1.,-5.92118946466742E-15,0.));
#3922=DIRECTION('',(-1.,0.,0.));
#3923=DIRECTION('center_axis',(0.,0.,-1.));
#3924=DIRECTION('ref_axis',(0.,-1.,0.));
#3925=DIRECTION('',(-1.77635677322581E-14,1.,0.));
#3926=DIRECTION('center_axis',(0.,0.,-1.));
#3927=DIRECTION('ref_axis',(-1.,0.,0.));
#3928=DIRECTION('',(1.,-3.55271356233354E-15,0.));
#3929=DIRECTION('center_axis',(0.,0.,-1.));
#3930=DIRECTION('ref_axis',(0.,1.,0.));
#3931=DIRECTION('',(-2.08737580384669E-15,1.,0.));
#3932=DIRECTION('center_axis',(0.,0.,-1.));
#3933=DIRECTION('ref_axis',(-1.,0.,0.));
#3934=DIRECTION('',(1.,-1.26191296131954E-14,0.));
#3935=DIRECTION('center_axis',(0.,0.,-1.));
#3936=DIRECTION('ref_axis',(0.,1.,0.));
#3937=DIRECTION('',(2.08737580384669E-15,-1.,0.));
#3938=DIRECTION('center_axis',(0.,0.,-1.));
#3939=DIRECTION('ref_axis',(1.,0.,0.));
#3940=DIRECTION('',(-1.,0.,0.));
#3941=DIRECTION('center_axis',(0.,0.,-1.));
#3942=DIRECTION('ref_axis',(0.,-1.,0.));
#3943=DIRECTION('',(-1.,0.,0.));
#3944=DIRECTION('center_axis',(0.,0.,-1.));
#3945=DIRECTION('ref_axis',(0.,-1.,0.));
#3946=DIRECTION('',(-8.88178386612905E-15,1.,0.));
#3947=DIRECTION('center_axis',(0.,0.,-1.));
#3948=DIRECTION('ref_axis',(-1.,0.,0.));
#3949=DIRECTION('',(1.,-3.55271356233354E-15,0.));
#3950=DIRECTION('center_axis',(0.,0.,-1.));
#3951=DIRECTION('ref_axis',(0.,1.,0.));
#3952=DIRECTION('',(1.77635677322583E-14,-1.,0.));
#3953=DIRECTION('center_axis',(0.,0.,-1.));
#3954=DIRECTION('ref_axis',(1.,-5.92118946466742E-15,0.));
#3955=DIRECTION('center_axis',(0.,0.,1.));
#3956=DIRECTION('ref_axis',(1.,0.,0.));
#3957=DIRECTION('center_axis',(0.,0.,-1.));
#3958=DIRECTION('ref_axis',(1.,0.,0.));
#3959=DIRECTION('',(0.,0.,-1.));
#3960=DIRECTION('center_axis',(0.,0.,1.));
#3961=DIRECTION('ref_axis',(1.,0.,0.));
#3962=DIRECTION('center_axis',(0.,0.,1.));
#3963=DIRECTION('ref_axis',(1.,0.,0.));
#3964=DIRECTION('center_axis',(0.,0.,1.));
#3965=DIRECTION('ref_axis',(1.,0.,0.));
#3966=DIRECTION('',(0.,0.,-1.));
#3967=DIRECTION('center_axis',(0.,0.,-1.));
#3968=DIRECTION('ref_axis',(1.,0.,0.));
#3969=DIRECTION('center_axis',(0.,0.,-1.));
#3970=DIRECTION('ref_axis',(1.,0.,0.));
#3971=DIRECTION('center_axis',(0.,-1.,0.));
#3972=DIRECTION('ref_axis',(1.,0.,0.));
#3973=DIRECTION('',(0.,0.,1.));
#3974=DIRECTION('',(1.,0.,0.));
#3975=DIRECTION('',(0.,0.,1.));
#3976=DIRECTION('center_axis',(0.,0.,1.));
#3977=DIRECTION('ref_axis',(0.,-1.,0.));
#3978=DIRECTION('center_axis',(0.,0.,1.));
#3979=DIRECTION('ref_axis',(0.,-1.,0.));
#3980=DIRECTION('',(0.,0.,1.));
#3981=DIRECTION('center_axis',(-1.,-8.88178386612905E-15,0.));
#3982=DIRECTION('ref_axis',(8.88178386612905E-15,-1.,0.));
#3983=DIRECTION('',(8.88178386612905E-15,-1.,0.));
#3984=DIRECTION('',(0.,0.,1.));
#3985=DIRECTION('center_axis',(0.,0.,1.));
#3986=DIRECTION('ref_axis',(-1.,0.,0.));
#3987=DIRECTION('center_axis',(0.,0.,1.));
#3988=DIRECTION('ref_axis',(-1.,0.,0.));
#3989=DIRECTION('',(0.,0.,1.));
#3990=DIRECTION('center_axis',(3.55271356233354E-15,1.,0.));
#3991=DIRECTION('ref_axis',(-1.,3.55271356233354E-15,0.));
#3992=DIRECTION('',(-1.,3.55271356233354E-15,0.));
#3993=DIRECTION('',(0.,0.,1.));
#3994=DIRECTION('center_axis',(0.,0.,1.));
#3995=DIRECTION('ref_axis',(0.,1.,0.));
#3996=DIRECTION('center_axis',(0.,0.,1.));
#3997=DIRECTION('ref_axis',(0.,1.,0.));
#3998=DIRECTION('',(0.,0.,1.));
#3999=DIRECTION('center_axis',(1.,1.77635677322583E-14,0.));
#4000=DIRECTION('ref_axis',(-1.77635677322583E-14,1.,0.));
#4001=DIRECTION('',(-1.77635677322583E-14,1.,0.));
#4002=DIRECTION('',(0.,0.,1.));
#4003=DIRECTION('center_axis',(0.,0.,1.));
#4004=DIRECTION('ref_axis',(1.,-5.92118946466742E-15,0.));
#4005=DIRECTION('center_axis',(0.,0.,1.));
#4006=DIRECTION('ref_axis',(1.,-5.92118946466742E-15,0.));
#4007=DIRECTION('center_axis',(0.,0.,-1.));
#4008=DIRECTION('ref_axis',(1.,0.,0.));
#4009=DIRECTION('center_axis',(-1.,-2.08737580384669E-15,0.));
#4010=DIRECTION('ref_axis',(2.08737580384669E-15,-1.,0.));
#4011=DIRECTION('',(0.,0.,1.));
#4012=DIRECTION('',(2.08737580384669E-15,-1.,0.));
#4013=DIRECTION('',(0.,0.,1.));
#4014=DIRECTION('center_axis',(0.,0.,1.));
#4015=DIRECTION('ref_axis',(-1.,0.,0.));
#4016=DIRECTION('center_axis',(0.,0.,1.));
#4017=DIRECTION('ref_axis',(-1.,0.,0.));
#4018=DIRECTION('',(0.,0.,1.));
#4019=DIRECTION('center_axis',(1.26191296131954E-14,1.,0.));
#4020=DIRECTION('ref_axis',(-1.,1.26191296131954E-14,0.));
#4021=DIRECTION('',(-1.,1.26191296131954E-14,0.));
#4022=DIRECTION('',(0.,0.,1.));
#4023=DIRECTION('center_axis',(0.,0.,1.));
#4024=DIRECTION('ref_axis',(0.,1.,0.));
#4025=DIRECTION('center_axis',(0.,0.,1.));
#4026=DIRECTION('ref_axis',(0.,1.,0.));
#4027=DIRECTION('',(0.,0.,1.));
#4028=DIRECTION('center_axis',(1.,2.08737580384669E-15,0.));
#4029=DIRECTION('ref_axis',(-2.08737580384669E-15,1.,0.));
#4030=DIRECTION('',(-2.08737580384669E-15,1.,0.));
#4031=DIRECTION('',(0.,0.,1.));
#4032=DIRECTION('center_axis',(0.,0.,1.));
#4033=DIRECTION('ref_axis',(1.,0.,0.));
#4034=DIRECTION('center_axis',(0.,0.,1.));
#4035=DIRECTION('ref_axis',(1.,0.,0.));
#4036=DIRECTION('',(0.,0.,1.));
#4037=DIRECTION('center_axis',(0.,-1.,0.));
#4038=DIRECTION('ref_axis',(1.,0.,0.));
#4039=DIRECTION('',(1.,0.,0.));
#4040=DIRECTION('',(0.,0.,1.));
#4041=DIRECTION('center_axis',(0.,0.,1.));
#4042=DIRECTION('ref_axis',(0.,-1.,0.));
#4043=DIRECTION('center_axis',(0.,0.,1.));
#4044=DIRECTION('ref_axis',(0.,-1.,0.));
#4045=DIRECTION('center_axis',(0.,0.,-1.));
#4046=DIRECTION('ref_axis',(1.,0.,0.));
#4047=DIRECTION('center_axis',(1.,1.77635677322583E-14,0.));
#4048=DIRECTION('ref_axis',(-1.77635677322583E-14,1.,0.));
#4049=DIRECTION('',(0.,0.,1.));
#4050=DIRECTION('',(-1.77635677322583E-14,1.,0.));
#4051=DIRECTION('',(0.,0.,1.));
#4052=DIRECTION('center_axis',(0.,0.,1.));
#4053=DIRECTION('ref_axis',(1.,-5.92118946466742E-15,0.));
#4054=DIRECTION('center_axis',(0.,0.,1.));
#4055=DIRECTION('ref_axis',(1.,-5.92118946466742E-15,0.));
#4056=DIRECTION('',(0.,0.,1.));
#4057=DIRECTION('center_axis',(0.,-1.,0.));
#4058=DIRECTION('ref_axis',(1.,0.,0.));
#4059=DIRECTION('',(1.,0.,0.));
#4060=DIRECTION('',(0.,0.,1.));
#4061=DIRECTION('center_axis',(0.,0.,1.));
#4062=DIRECTION('ref_axis',(0.,-1.,0.));
#4063=DIRECTION('center_axis',(0.,0.,1.));
#4064=DIRECTION('ref_axis',(0.,-1.,0.));
#4065=DIRECTION('',(0.,0.,1.));
#4066=DIRECTION('center_axis',(-1.,-1.77635677322581E-14,0.));
#4067=DIRECTION('ref_axis',(1.77635677322581E-14,-1.,0.));
#4068=DIRECTION('',(1.77635677322581E-14,-1.,0.));
#4069=DIRECTION('',(0.,0.,1.));
#4070=DIRECTION('center_axis',(0.,0.,1.));
#4071=DIRECTION('ref_axis',(-1.,0.,0.));
#4072=DIRECTION('center_axis',(0.,0.,1.));
#4073=DIRECTION('ref_axis',(-1.,0.,0.));
#4074=DIRECTION('',(0.,0.,1.));
#4075=DIRECTION('center_axis',(3.55271356233354E-15,1.,0.));
#4076=DIRECTION('ref_axis',(-1.,3.55271356233354E-15,0.));
#4077=DIRECTION('',(-1.,3.55271356233354E-15,0.));
#4078=DIRECTION('',(0.,0.,1.));
#4079=DIRECTION('center_axis',(0.,0.,1.));
#4080=DIRECTION('ref_axis',(0.,1.,0.));
#4081=DIRECTION('center_axis',(0.,0.,1.));
#4082=DIRECTION('ref_axis',(0.,1.,0.));
#4083=DIRECTION('center_axis',(0.,0.,-1.));
#4084=DIRECTION('ref_axis',(1.,0.,0.));
#4085=DIRECTION('center_axis',(-2.40103219807243E-15,1.,0.));
#4086=DIRECTION('ref_axis',(-1.,-2.40103219807243E-15,0.));
#4087=DIRECTION('',(0.,0.,1.));
#4088=DIRECTION('',(-1.,-2.40103219807243E-15,0.));
#4089=DIRECTION('',(0.,0.,1.));
#4090=DIRECTION('center_axis',(0.,0.,1.));
#4091=DIRECTION('ref_axis',(0.,1.,0.));
#4092=DIRECTION('center_axis',(0.,0.,1.));
#4093=DIRECTION('ref_axis',(0.,1.,0.));
#4094=DIRECTION('',(0.,0.,1.));
#4095=DIRECTION('center_axis',(1.,0.,0.));
#4096=DIRECTION('ref_axis',(0.,1.,0.));
#4097=DIRECTION('',(0.,1.,0.));
#4098=DIRECTION('',(0.,0.,1.));
#4099=DIRECTION('center_axis',(0.,0.,1.));
#4100=DIRECTION('ref_axis',(1.,0.,0.));
#4101=DIRECTION('center_axis',(0.,0.,1.));
#4102=DIRECTION('ref_axis',(1.,0.,0.));
#4103=DIRECTION('',(0.,0.,1.));
#4104=DIRECTION('center_axis',(2.40103219807243E-15,-1.,0.));
#4105=DIRECTION('ref_axis',(1.,2.40103219807243E-15,0.));
#4106=DIRECTION('',(1.,2.40103219807243E-15,0.));
#4107=DIRECTION('',(0.,0.,1.));
#4108=DIRECTION('center_axis',(0.,0.,1.));
#4109=DIRECTION('ref_axis',(-2.86509167645196E-14,-1.,0.));
#4110=DIRECTION('center_axis',(0.,0.,1.));
#4111=DIRECTION('ref_axis',(-2.86509167645196E-14,-1.,0.));
#4112=DIRECTION('',(0.,0.,1.));
#4113=DIRECTION('center_axis',(-1.,0.,0.));
#4114=DIRECTION('ref_axis',(0.,-1.,0.));
#4115=DIRECTION('',(0.,-1.,0.));
#4116=DIRECTION('',(0.,0.,1.));
#4117=DIRECTION('center_axis',(0.,0.,1.));
#4118=DIRECTION('ref_axis',(-1.,1.43254583822602E-14,0.));
#4119=DIRECTION('center_axis',(0.,0.,1.));
#4120=DIRECTION('ref_axis',(-1.,1.43254583822602E-14,0.));
#4121=DIRECTION('center_axis',(0.,0.,-1.));
#4122=DIRECTION('ref_axis',(1.,0.,0.));
#4123=DIRECTION('center_axis',(0.,0.,1.));
#4124=DIRECTION('ref_axis',(1.,0.,0.));
#4125=DIRECTION('center_axis',(0.,0.,1.));
#4126=DIRECTION('ref_axis',(1.,0.,0.));
#4127=DIRECTION('',(0.,0.,-1.));
#4128=DIRECTION('center_axis',(0.,0.,-1.));
#4129=DIRECTION('ref_axis',(1.,0.,0.));
#4130=DIRECTION('center_axis',(0.,-1.,0.));
#4131=DIRECTION('ref_axis',(1.,0.,0.));
#4132=DIRECTION('',(0.,0.,1.));
#4133=DIRECTION('',(1.,0.,0.));
#4134=DIRECTION('',(0.,0.,1.));
#4135=DIRECTION('center_axis',(0.,0.,1.));
#4136=DIRECTION('ref_axis',(0.,-1.,0.));
#4137=DIRECTION('center_axis',(0.,0.,1.));
#4138=DIRECTION('ref_axis',(0.,-1.,0.));
#4139=DIRECTION('',(0.,0.,1.));
#4140=DIRECTION('center_axis',(-1.,-1.77635677322581E-14,0.));
#4141=DIRECTION('ref_axis',(1.77635677322581E-14,-1.,0.));
#4142=DIRECTION('',(1.77635677322581E-14,-1.,0.));
#4143=DIRECTION('',(0.,0.,1.));
#4144=DIRECTION('center_axis',(0.,0.,1.));
#4145=DIRECTION('ref_axis',(-1.,0.,0.));
#4146=DIRECTION('center_axis',(0.,0.,1.));
#4147=DIRECTION('ref_axis',(-1.,0.,0.));
#4148=DIRECTION('',(0.,0.,1.));
#4149=DIRECTION('center_axis',(3.55271356233354E-15,1.,0.));
#4150=DIRECTION('ref_axis',(-1.,3.55271356233354E-15,0.));
#4151=DIRECTION('',(-1.,3.55271356233354E-15,0.));
#4152=DIRECTION('',(0.,0.,1.));
#4153=DIRECTION('center_axis',(0.,0.,1.));
#4154=DIRECTION('ref_axis',(0.,1.,0.));
#4155=DIRECTION('center_axis',(0.,0.,1.));
#4156=DIRECTION('ref_axis',(0.,1.,0.));
#4157=DIRECTION('',(0.,0.,1.));
#4158=DIRECTION('center_axis',(1.,1.77635677322583E-14,0.));
#4159=DIRECTION('ref_axis',(-1.77635677322583E-14,1.,0.));
#4160=DIRECTION('',(-1.77635677322583E-14,1.,0.));
#4161=DIRECTION('',(0.,0.,1.));
#4162=DIRECTION('center_axis',(0.,0.,1.));
#4163=DIRECTION('ref_axis',(1.,-5.92118946466742E-15,0.));
#4164=DIRECTION('center_axis',(0.,0.,1.));
#4165=DIRECTION('ref_axis',(1.,-5.92118946466742E-15,0.));
#4166=DIRECTION('center_axis',(0.,0.,-1.));
#4167=DIRECTION('ref_axis',(1.,0.,0.));
#4168=DIRECTION('center_axis',(0.,0.,1.));
#4169=DIRECTION('ref_axis',(1.,0.,0.));
#4170=DIRECTION('center_axis',(0.,0.,1.));
#4171=DIRECTION('ref_axis',(1.,0.,0.));
#4172=DIRECTION('',(0.,0.,-1.));
#4173=DIRECTION('center_axis',(0.,0.,-1.));
#4174=DIRECTION('ref_axis',(1.,0.,0.));
#4175=DIRECTION('center_axis',(0.,0.,1.));
#4176=DIRECTION('ref_axis',(1.,0.,0.));
#4177=DIRECTION('center_axis',(0.,0.,1.));
#4178=DIRECTION('ref_axis',(1.,0.,0.));
#4179=DIRECTION('',(0.,0.,-1.));
#4180=DIRECTION('center_axis',(0.,0.,-1.));
#4181=DIRECTION('ref_axis',(1.,0.,0.));
#4182=DIRECTION('center_axis',(0.707106781186549,0.707106781186546,0.));
#4183=DIRECTION('ref_axis',(-0.707106781186546,0.707106781186549,0.));
#4184=DIRECTION('',(-0.707106781186546,0.707106781186549,0.));
#4185=DIRECTION('',(0.,0.,1.));
#4186=DIRECTION('center_axis',(0.,1.,0.));
#4187=DIRECTION('ref_axis',(-1.,0.,0.));
#4188=DIRECTION('',(-1.,0.,0.));
#4189=DIRECTION('',(0.,0.,1.));
#4190=DIRECTION('center_axis',(-1.,0.,0.));
#4191=DIRECTION('ref_axis',(0.,-1.,0.));
#4192=DIRECTION('',(0.,-1.,0.));
#4193=DIRECTION('',(0.,0.,1.));
#4194=DIRECTION('center_axis',(0.,-1.,0.));
#4195=DIRECTION('ref_axis',(1.,0.,0.));
#4196=DIRECTION('',(1.,0.,0.));
#4197=DIRECTION('',(0.,0.,1.));
#4198=DIRECTION('center_axis',(1.,-6.57301381399917E-16,0.));
#4199=DIRECTION('ref_axis',(6.57301381399917E-16,1.,0.));
#4200=DIRECTION('',(6.57301381399917E-16,1.,0.));
#4201=DIRECTION('center_axis',(0.,0.,1.));
#4202=DIRECTION('ref_axis',(1.,0.,0.));
#4203=CARTESIAN_POINT('',(0.,0.,0.));
#4204=CARTESIAN_POINT('Origin',(134.460300849798,-102.199997811764,0.));
#4205=CARTESIAN_POINT('',(134.460300849798,-98.1999978117645,27.5));
#4206=CARTESIAN_POINT('',(137.288727974544,-99.3715706870183,27.5));
#4207=CARTESIAN_POINT('Origin',(134.460300849798,-102.199997811764,27.5));
#4208=CARTESIAN_POINT('',(137.288727974544,-99.3715706870183,0.));
#4209=CARTESIAN_POINT('',(137.288727974544,-99.3715706870183,0.));
#4210=CARTESIAN_POINT('',(134.460300849798,-98.1999978117645,0.));
#4211=CARTESIAN_POINT('Origin',(134.460300849798,-102.199997811764,0.));
#4212=CARTESIAN_POINT('',(134.460300849798,-98.1999978117645,0.));
#4213=CARTESIAN_POINT('Origin',(136.11715509929,-98.1999978117645,0.));
#4214=CARTESIAN_POINT('',(133.8,-98.1999978117645,0.));
#4215=CARTESIAN_POINT('',(136.11715509929,-98.1999978117645,0.));
#4216=CARTESIAN_POINT('',(133.8,-98.1999978117645,27.5));
#4217=CARTESIAN_POINT('',(133.8,-98.1999978117645,0.));
#4218=CARTESIAN_POINT('',(136.11715509929,-98.1999978117645,27.5));
#4219=CARTESIAN_POINT('Origin',(134.377458137323,-102.399997811764,0.));
#4220=CARTESIAN_POINT('',(136.215935768408,-100.561520180679,-0.05));
#4221=CARTESIAN_POINT('',(135.372435061472,-99.9979110272351,0.147913215470654));
#4222=CARTESIAN_POINT('Origin',(134.377458137323,-102.399997811764,2.55000000000001));
#4223=CARTESIAN_POINT('',(136.215935768408,-100.561520180679,27.5));
#4224=CARTESIAN_POINT('',(136.215935768408,-100.561520180679,0.));
#4225=CARTESIAN_POINT('',(134.377458137323,-99.7999978117645,27.5));
#4226=CARTESIAN_POINT('Origin',(134.377458137323,-102.399997811764,27.5));
#4227=CARTESIAN_POINT('',(134.377458137323,-99.7999978117645,-0.05));
#4228=CARTESIAN_POINT('',(134.377458137323,-99.7999978117645,0.));
#4229=CARTESIAN_POINT('Origin',(134.377458137323,-102.399997811764,2.55000000000001));
#4230=CARTESIAN_POINT('Origin',(135.454413399493,-99.7999978117644,0.));
#4231=CARTESIAN_POINT('',(152.785786437627,-117.131370849899,-0.05));
#4232=CARTESIAN_POINT('',(140.628310596679,-104.97389500895,-0.05));
#4233=CARTESIAN_POINT('',(152.785786437627,-117.131370849899,27.5));
#4234=CARTESIAN_POINT('',(152.785786437627,-117.131370849899,0.));
#4235=CARTESIAN_POINT('',(135.454413399493,-99.7999978117644,27.5));
#4236=CARTESIAN_POINT('Origin',(147.08125,-99.1999978117643,-0.65));
#4237=CARTESIAN_POINT('',(133.4,-99.7999978117645,-0.05));
#4238=CARTESIAN_POINT('',(147.08125,-99.7999978117643,-0.05));
#4239=CARTESIAN_POINT('',(133.4,-98.5999978117645,-1.25));
#4240=CARTESIAN_POINT('',(133.4,-99.7999978117645,-0.05));
#4241=CARTESIAN_POINT('',(135.951469674341,-98.5999978117644,-1.25));
#4242=CARTESIAN_POINT('',(147.08125,-98.5999978117643,-1.25));
#4243=CARTESIAN_POINT('',(135.853562878678,-98.8363657257011,-1.01363208606333));
#4244=CARTESIAN_POINT('Origin',(133.4,-98.1999978117645,-0.65));
#4245=CARTESIAN_POINT('',(131.8,-98.1999978117645,-0.05));
#4246=CARTESIAN_POINT('Origin',(133.4,-98.1999978117645,-0.05));
#4247=CARTESIAN_POINT('',(133.,-98.1999978117645,-1.25));
#4248=CARTESIAN_POINT('',(131.8,-98.1999978117645,-0.05));
#4249=CARTESIAN_POINT('Origin',(133.4,-98.1999978117645,-1.25));
#4250=CARTESIAN_POINT('Origin',(132.4,-81.58125,-0.65));
#4251=CARTESIAN_POINT('',(131.8,-71.175,-0.05));
#4252=CARTESIAN_POINT('',(133.,-71.175,-1.25));
#4253=CARTESIAN_POINT('',(131.8,-71.175,-0.05));
#4254=CARTESIAN_POINT('',(133.,-81.58125,-1.25));
#4255=CARTESIAN_POINT('',(131.8,-81.58125,-0.05));
#4256=CARTESIAN_POINT('Origin',(133.4,-71.175,-0.65));
#4257=CARTESIAN_POINT('',(133.4,-69.575,-0.05));
#4258=CARTESIAN_POINT('Origin',(133.4,-71.175,-0.05));
#4259=CARTESIAN_POINT('',(133.4,-70.775,-1.25));
#4260=CARTESIAN_POINT('',(133.4,-69.575,-0.05));
#4261=CARTESIAN_POINT('Origin',(133.4,-71.175,-1.25));
#4262=CARTESIAN_POINT('Origin',(177.64375,-70.175,-0.65));
#4263=CARTESIAN_POINT('',(191.325,-69.575,-0.05));
#4264=CARTESIAN_POINT('',(191.325,-70.775,-1.25));
#4265=CARTESIAN_POINT('',(191.325,-69.575,-0.05));
#4266=CARTESIAN_POINT('',(177.64375,-70.775,-1.25));
#4267=CARTESIAN_POINT('',(177.64375,-69.575,-0.05));
#4268=CARTESIAN_POINT('Origin',(191.325,-71.175,-0.65));
#4269=CARTESIAN_POINT('',(192.925,-71.175,-0.05));
#4270=CARTESIAN_POINT('Origin',(191.325,-71.175,-0.05));
#4271=CARTESIAN_POINT('',(191.725,-71.175,-1.25));
#4272=CARTESIAN_POINT('',(192.925,-71.175,-0.05));
#4273=CARTESIAN_POINT('Origin',(191.325,-71.175,-1.25));
#4274=CARTESIAN_POINT('Origin',(192.325,-105.59375,-0.65));
#4275=CARTESIAN_POINT('',(192.925,-116.,-0.05));
#4276=CARTESIAN_POINT('',(191.725,-116.,-1.25));
#4277=CARTESIAN_POINT('',(192.925,-116.,-0.05));
#4278=CARTESIAN_POINT('',(191.725,-105.59375,-1.25));
#4279=CARTESIAN_POINT('',(192.925,-105.59375,-0.05));
#4280=CARTESIAN_POINT('Origin',(191.325,-116.,-0.65));
#4281=CARTESIAN_POINT('',(191.325,-117.6,-0.05));
#4282=CARTESIAN_POINT('Origin',(191.325,-116.,-0.05));
#4283=CARTESIAN_POINT('',(191.325,-116.4,-1.25));
#4284=CARTESIAN_POINT('',(191.325,-117.6,-0.05));
#4285=CARTESIAN_POINT('Origin',(191.325,-116.,-1.25));
#4286=CARTESIAN_POINT('Origin',(157.808457793864,-117.,-0.65));
#4287=CARTESIAN_POINT('',(153.917157287526,-117.6,-0.05));
#4288=CARTESIAN_POINT('',(153.917157287526,-116.4,-1.25));
#4289=CARTESIAN_POINT('',(153.917157287526,-117.6,-0.05));
#4290=CARTESIAN_POINT('',(157.808457793864,-116.4,-1.25));
#4291=CARTESIAN_POINT('',(157.808457793864,-117.6,-0.05));
#4292=CARTESIAN_POINT('Origin',(153.917157287526,-116.,-0.65));
#4293=CARTESIAN_POINT('Origin',(153.917157287526,-116.,-0.05));
#4294=CARTESIAN_POINT('',(153.634314575051,-116.282842712475,-1.25));
#4295=CARTESIAN_POINT('',(152.785786437627,-117.131370849899,-0.05));
#4296=CARTESIAN_POINT('Origin',(153.917157287526,-116.,-1.25));
#4297=CARTESIAN_POINT('Origin',(141.052574665391,-104.549630940238,-0.65));
#4298=CARTESIAN_POINT('',(141.476838734102,-104.125366871526,-1.25));
#4299=CARTESIAN_POINT('Origin',(191.325,-71.175,0.));
#4300=CARTESIAN_POINT('',(191.325,-69.575,27.5));
#4301=CARTESIAN_POINT('',(191.325,-69.575,0.));
#4302=CARTESIAN_POINT('',(192.925,-71.175,27.5));
#4303=CARTESIAN_POINT('Origin',(191.325,-71.175,27.5));
#4304=CARTESIAN_POINT('',(192.925,-71.175,0.));
#4305=CARTESIAN_POINT('Origin',(192.925,-69.575,0.));
#4306=CARTESIAN_POINT('',(133.4,-69.575,27.5));
#4307=CARTESIAN_POINT('',(133.4,-69.575,0.));
#4308=CARTESIAN_POINT('',(192.925,-69.575,27.5));
#4309=CARTESIAN_POINT('',(145.742551702202,-69.575,9.4687871674175));
#4310=CARTESIAN_POINT('',(145.742551702201,-69.575,6.46878716741754));
#4311=CARTESIAN_POINT('',(145.742551702202,-69.575,4.73439358370861));
#4312=CARTESIAN_POINT('',(147.242551702202,-69.575,4.96878716741752));
#4313=CARTESIAN_POINT('Origin',(147.242551702202,-69.575,6.46878716741754));
#4314=CARTESIAN_POINT('',(155.962551702202,-69.575,4.96878716741746));
#4315=CARTESIAN_POINT('',(170.083775851101,-69.575,4.96878716741752));
#4316=CARTESIAN_POINT('',(157.462551702202,-69.575,6.46878716741754));
#4317=CARTESIAN_POINT('Origin',(155.962551702201,-69.575,6.46878716741754));
#4318=CARTESIAN_POINT('',(157.462551702201,-69.575,9.4687871674175));
#4319=CARTESIAN_POINT('',(157.462551702202,-69.575,3.23439358370835));
#4320=CARTESIAN_POINT('',(155.962551702201,-69.575,10.9687871674175));
#4321=CARTESIAN_POINT('Origin',(155.962551702201,-69.575,9.4687871674175));
#4322=CARTESIAN_POINT('',(147.242551702201,-69.575,10.9687871674175));
#4323=CARTESIAN_POINT('',(174.443775851101,-69.575,10.9687871674175));
#4324=CARTESIAN_POINT('Origin',(147.242551702201,-69.575,9.4687871674175));
#4325=CARTESIAN_POINT('Origin',(133.4,-71.175,0.));
#4326=CARTESIAN_POINT('',(131.8,-71.175,27.5));
#4327=CARTESIAN_POINT('',(131.8,-71.175,0.));
#4328=CARTESIAN_POINT('Origin',(133.4,-71.175,27.5));
#4329=CARTESIAN_POINT('Origin',(131.8,-69.575,0.));
#4330=CARTESIAN_POINT('',(131.8,-98.1999978117645,27.5));
#4331=CARTESIAN_POINT('',(131.8,-98.1999978117645,0.));
#4332=CARTESIAN_POINT('',(131.8,-69.575,27.5));
#4333=CARTESIAN_POINT('',(131.8,-73.4046021247646,4.36676234851406));
#4334=CARTESIAN_POINT('Origin',(131.8,-74.9046021247646,4.36676234851406));
#4335=CARTESIAN_POINT('',(131.8,-73.0150397904087,14.4066743524243));
#4336=CARTESIAN_POINT('Origin',(131.8,-85.0150397904087,14.4066743524243));
#4337=CARTESIAN_POINT('',(131.8,-93.4046021247646,4.36676234851406));
#4338=CARTESIAN_POINT('Origin',(131.8,-94.9046021247646,4.36676234851406));
#4339=CARTESIAN_POINT('',(131.8,-73.3969998788243,24.3848666640833));
#4340=CARTESIAN_POINT('Origin',(131.8,-74.8969998788243,24.3848666640833));
#4341=CARTESIAN_POINT('',(131.8,-93.4046021247646,24.3667623485141));
#4342=CARTESIAN_POINT('Origin',(131.8,-94.9046021247646,24.3667623485141));
#4343=CARTESIAN_POINT('Origin',(133.4,-98.1999978117645,0.));
#4344=CARTESIAN_POINT('',(133.4,-99.7999978117645,27.5));
#4345=CARTESIAN_POINT('',(133.4,-99.7999978117645,0.));
#4346=CARTESIAN_POINT('Origin',(133.4,-98.1999978117645,27.5));
#4347=CARTESIAN_POINT('Origin',(131.8,-99.7999978117645,0.));
#4348=CARTESIAN_POINT('',(131.8,-99.7999978117645,27.5));
#4349=CARTESIAN_POINT('Origin',(162.3625,-93.5875,-1.25));
#4350=CARTESIAN_POINT('Origin',(153.917157287526,-116.,0.));
#4351=CARTESIAN_POINT('',(153.917157287526,-117.6,27.5));
#4352=CARTESIAN_POINT('',(153.917157287526,-117.6,0.));
#4353=CARTESIAN_POINT('Origin',(153.917157287526,-116.,27.5));
#4354=CARTESIAN_POINT('Origin',(153.254415587729,-117.6,0.));
#4355=CARTESIAN_POINT('',(191.325,-117.6,27.5));
#4356=CARTESIAN_POINT('',(191.325,-117.6,0.));
#4357=CARTESIAN_POINT('',(153.254415587729,-117.6,27.5));
#4358=CARTESIAN_POINT('Origin',(192.925,-117.6,0.));
#4359=CARTESIAN_POINT('',(192.925,-116.,27.5));
#4360=CARTESIAN_POINT('',(192.925,-117.6,27.5));
#4361=CARTESIAN_POINT('',(192.925,-116.,0.));
#4362=CARTESIAN_POINT('',(192.925,-88.9999981068075,9.89999977871776));
#4363=CARTESIAN_POINT('Origin',(192.925,-84.6999981068075,9.89999977871776));
#4364=CARTESIAN_POINT('',(192.925,-100.020252547193,3.29302243229357));
#4365=CARTESIAN_POINT('',(192.925,-108.740252547193,3.29302243229357));
#4366=CARTESIAN_POINT('',(192.925,-108.810126273596,3.29302243229356));
#4367=CARTESIAN_POINT('',(192.925,-110.240252547193,4.79302243229356));
#4368=CARTESIAN_POINT('Origin',(192.925,-108.740252547193,4.79302243229357));
#4369=CARTESIAN_POINT('',(192.925,-110.240252547193,7.79302243229353));
#4370=CARTESIAN_POINT('',(192.925,-110.240252547193,2.39651121614678));
#4371=CARTESIAN_POINT('',(192.925,-108.740252547193,9.29302243229353));
#4372=CARTESIAN_POINT('Origin',(192.925,-108.740252547193,7.79302243229352));
#4373=CARTESIAN_POINT('',(192.925,-100.020252547193,9.29302243229352));
#4374=CARTESIAN_POINT('',(192.925,-113.170126273596,9.29302243229353));
#4375=CARTESIAN_POINT('',(192.925,-98.5202525471928,7.79302243229352));
#4376=CARTESIAN_POINT('Origin',(192.925,-100.020252547193,7.79302243229352));
#4377=CARTESIAN_POINT('',(192.925,-98.5202525471928,4.79302243229357));
#4378=CARTESIAN_POINT('',(192.925,-98.5202525471928,3.89651121614676));
#4379=CARTESIAN_POINT('Origin',(192.925,-100.020252547193,4.79302243229357));
#4380=CARTESIAN_POINT('',(192.925,-78.8999950013231,5.59999980576291));
#4381=CARTESIAN_POINT('',(192.925,-78.8999946879185,7.89999980576289));
#4382=CARTESIAN_POINT('Origin',(192.925,-78.8999948446208,6.7499998057629));
#4383=CARTESIAN_POINT('',(192.925,-74.2016539357207,7.8999979732537));
#4384=CARTESIAN_POINT('',(192.925,-98.2499968057207,7.90000244244924));
#4385=CARTESIAN_POINT('',(192.925,-74.1999981068076,5.59999916532797));
#4386=CARTESIAN_POINT('Origin',(192.925,-74.1999981068076,6.74999916532797));
#4387=CARTESIAN_POINT('',(192.925,-95.8999986718675,5.60000212223177));
#4388=CARTESIAN_POINT('',(192.925,-91.6719859633703,9.04999964606493));
#4389=CARTESIAN_POINT('',(192.925,-95.1999981068076,9.04999916532797));
#4390=CARTESIAN_POINT('',(192.925,-104.635993598274,9.04999787955239));
#4391=CARTESIAN_POINT('',(192.925,-95.1983422778945,11.3499979732537));
#4392=CARTESIAN_POINT('Origin',(192.925,-95.1999981068076,10.199999165328));
#4393=CARTESIAN_POINT('',(192.925,-91.6719862767748,11.3499996460649));
#4394=CARTESIAN_POINT('',(192.925,-106.399171912239,11.3499976392967));
#4395=CARTESIAN_POINT('Origin',(192.925,-91.6719861200726,10.1999996460649));
#4396=CARTESIAN_POINT('',(192.925,-74.1999981068076,19.4000003576279));
#4397=CARTESIAN_POINT('',(192.925,-82.9499981068076,19.4000003576279));
#4398=CARTESIAN_POINT('',(192.925,-95.8999990534038,19.4000003576279));
#4399=CARTESIAN_POINT('',(192.925,-82.9499981068076,21.7000003576279));
#4400=CARTESIAN_POINT('Origin',(192.925,-82.9499981068076,20.5500003576279));
#4401=CARTESIAN_POINT('',(192.925,-74.1999981068076,21.7000003576279));
#4402=CARTESIAN_POINT('',(192.925,-100.274999053404,21.7000003576279));
#4403=CARTESIAN_POINT('Origin',(192.925,-74.1999981068076,20.5500003576279));
#4404=CARTESIAN_POINT('',(192.925,-86.4499981068076,22.8500003576279));
#4405=CARTESIAN_POINT('',(192.925,-95.1999981068076,22.8500003576279));
#4406=CARTESIAN_POINT('',(192.925,-102.024999053404,22.8500003576279));
#4407=CARTESIAN_POINT('',(192.925,-95.1983422778947,25.1499991655536));
#4408=CARTESIAN_POINT('Origin',(192.925,-95.1999981068076,24.0000003576279));
#4409=CARTESIAN_POINT('',(192.925,-86.44999826351,25.1500003576279));
#4410=CARTESIAN_POINT('',(192.925,-106.399172852452,25.1499976392966));
#4411=CARTESIAN_POINT('Origin',(192.925,-86.4499981068076,24.0000003576279));
#4412=CARTESIAN_POINT('',(192.925,-74.1999981068076,15.9500003576279));
#4413=CARTESIAN_POINT('',(192.925,-82.9499981068076,15.9500003576279));
#4414=CARTESIAN_POINT('',(192.925,-95.8999990534038,15.9500003576279));
#4415=CARTESIAN_POINT('',(192.925,-82.9499981068076,18.2500003576279));
#4416=CARTESIAN_POINT('Origin',(192.925,-82.9499981068076,17.1000003576279));
#4417=CARTESIAN_POINT('',(192.925,-74.1999981068076,18.2500003576279));
#4418=CARTESIAN_POINT('',(192.925,-100.274999053404,18.2500003576279));
#4419=CARTESIAN_POINT('Origin',(192.925,-74.1999981068076,17.1000003576279));
#4420=CARTESIAN_POINT('',(192.925,-95.1983422778947,7.89999916555361));
#4421=CARTESIAN_POINT('',(192.925,-90.5000015256967,7.89999980576289));
#4422=CARTESIAN_POINT('',(192.925,-106.399171677185,7.89999763929672));
#4423=CARTESIAN_POINT('',(192.925,-90.5000012122922,5.59999980576291));
#4424=CARTESIAN_POINT('Origin',(192.925,-90.5000013689944,6.7499998057629));
#4425=CARTESIAN_POINT('',(192.925,-95.1999981068076,5.59999916532797));
#4426=CARTESIAN_POINT('',(192.925,-104.050000987682,5.5999979594014));
#4427=CARTESIAN_POINT('Origin',(192.925,-95.1999981068076,6.74999916532797));
#4428=CARTESIAN_POINT('',(192.925,-77.7280102502449,9.04999964606493));
#4429=CARTESIAN_POINT('',(192.925,-77.7280099368404,11.3499996460649));
#4430=CARTESIAN_POINT('Origin',(192.925,-77.7280100935427,10.1999996460649));
#4431=CARTESIAN_POINT('',(192.925,-74.2016539357207,11.3499979732537));
#4432=CARTESIAN_POINT('',(192.925,-97.6640041951282,11.3500023626002));
#4433=CARTESIAN_POINT('',(192.925,-74.1999981068076,9.04999916532796));
#4434=CARTESIAN_POINT('Origin',(192.925,-74.1999981068076,10.199999165328));
#4435=CARTESIAN_POINT('',(192.925,-95.8999984368141,9.05000212223171));
#4436=CARTESIAN_POINT('',(192.925,-90.5000012122922,12.4999998057629));
#4437=CARTESIAN_POINT('',(192.925,-95.1999981068076,12.499999165328));
#4438=CARTESIAN_POINT('',(192.925,-104.050001457789,12.4999979594013));
#4439=CARTESIAN_POINT('',(192.925,-95.1983422778945,14.7999979732537));
#4440=CARTESIAN_POINT('Origin',(192.925,-95.1999981068076,13.649999165328));
#4441=CARTESIAN_POINT('',(192.925,-90.5000015256967,14.7999998057629));
#4442=CARTESIAN_POINT('',(192.925,-106.399172147292,14.7999976392967));
#4443=CARTESIAN_POINT('Origin',(192.925,-90.5000013689944,13.6499998057629));
#4444=CARTESIAN_POINT('',(192.925,-86.4499981068076,19.4000003576279));
#4445=CARTESIAN_POINT('',(192.925,-95.1999981068076,19.4000003576279));
#4446=CARTESIAN_POINT('',(192.925,-102.024999053404,19.4000003576279));
#4447=CARTESIAN_POINT('',(192.925,-95.1983422778947,21.6999991655536));
#4448=CARTESIAN_POINT('Origin',(192.925,-95.1999981068076,20.5500003576279));
#4449=CARTESIAN_POINT('',(192.925,-86.44999826351,21.7000003576279));
#4450=CARTESIAN_POINT('',(192.925,-106.399172617399,21.6999976392966));
#4451=CARTESIAN_POINT('Origin',(192.925,-86.4499981068076,20.5500003576279));
#4452=CARTESIAN_POINT('',(192.925,-74.1999981068076,22.8500003576279));
#4453=CARTESIAN_POINT('',(192.925,-82.9499981068076,22.8500003576279));
#4454=CARTESIAN_POINT('',(192.925,-95.8999990534038,22.8500003576279));
#4455=CARTESIAN_POINT('',(192.925,-82.9499981068076,25.1500003576279));
#4456=CARTESIAN_POINT('Origin',(192.925,-82.9499981068076,24.0000003576279));
#4457=CARTESIAN_POINT('',(192.925,-74.1999981068076,25.1500003576279));
#4458=CARTESIAN_POINT('',(192.925,-100.274999053404,25.1500003576279));
#4459=CARTESIAN_POINT('Origin',(192.925,-74.1999981068076,24.0000003576279));
#4460=CARTESIAN_POINT('',(192.925,-86.4499981068076,15.9500003576279));
#4461=CARTESIAN_POINT('',(192.925,-95.1999981068076,15.9500003576279));
#4462=CARTESIAN_POINT('',(192.925,-102.024999053404,15.9500003576279));
#4463=CARTESIAN_POINT('',(192.925,-95.1983422778947,18.2499991655536));
#4464=CARTESIAN_POINT('Origin',(192.925,-95.1999981068076,17.1000003576279));
#4465=CARTESIAN_POINT('',(192.925,-86.44999826351,18.2500003576279));
#4466=CARTESIAN_POINT('',(192.925,-106.399172382346,18.2499976392966));
#4467=CARTESIAN_POINT('Origin',(192.925,-86.4499981068076,17.1000003576279));
#4468=CARTESIAN_POINT('',(192.925,-78.8999950013231,12.4999998057629));
#4469=CARTESIAN_POINT('',(192.925,-78.8999946879185,14.7999998057629));
#4470=CARTESIAN_POINT('Origin',(192.925,-78.8999948446208,13.6499998057629));
#4471=CARTESIAN_POINT('',(192.925,-74.2016539357207,14.7999979732537));
#4472=CARTESIAN_POINT('',(192.925,-98.2499963356139,14.8000024424492));
#4473=CARTESIAN_POINT('',(192.925,-74.1999981068076,12.499999165328));
#4474=CARTESIAN_POINT('Origin',(192.925,-74.1999981068076,13.649999165328));
#4475=CARTESIAN_POINT('',(192.925,-95.8999982017607,12.5000021222317));
#4476=CARTESIAN_POINT('Origin',(191.325,-116.,0.));
#4477=CARTESIAN_POINT('Origin',(191.325,-116.,27.5));
#4478=CARTESIAN_POINT('Origin',(192.925,-74.1999981068076,13.649999165328));
#4479=CARTESIAN_POINT('',(191.325,-74.1999981068076,12.499999165328));
#4480=CARTESIAN_POINT('',(191.325,-74.2016539357207,14.7999979732537));
#4481=CARTESIAN_POINT('Origin',(191.325,-74.1999981068076,13.649999165328));
#4482=CARTESIAN_POINT('',(192.925,-74.1999981068076,12.499999165328));
#4483=CARTESIAN_POINT('',(192.925,-74.2016539357207,14.7999979732537));
#4484=CARTESIAN_POINT('Origin',(192.925,-78.8999946879185,14.7999998057629));
#4485=CARTESIAN_POINT('',(191.325,-78.8999946879185,14.7999998057629));
#4486=CARTESIAN_POINT('',(191.325,-75.0374963356143,14.7999992794479));
#4487=CARTESIAN_POINT('',(192.925,-78.8999946879185,14.7999998057629));
#4488=CARTESIAN_POINT('Origin',(192.925,-78.8999948446208,13.6499998057629));
#4489=CARTESIAN_POINT('',(191.325,-78.8999950013231,12.4999998057629));
#4490=CARTESIAN_POINT('Origin',(191.325,-78.8999948446208,13.6499998057629));
#4491=CARTESIAN_POINT('',(192.925,-78.8999950013231,12.4999998057629));
#4492=CARTESIAN_POINT('Origin',(192.925,-74.1999981068076,12.499999165328));
#4493=CARTESIAN_POINT('',(191.325,-72.6874982017611,12.4999989592304));
#4494=CARTESIAN_POINT('Origin',(192.925,-95.1983422778947,18.2499991655536));
#4495=CARTESIAN_POINT('',(191.325,-86.44999826351,18.2500003576279));
#4496=CARTESIAN_POINT('',(191.325,-95.1983422778947,18.2499991655536));
#4497=CARTESIAN_POINT('',(191.325,-83.186672382346,18.2500008022979));
#4498=CARTESIAN_POINT('',(192.925,-86.44999826351,18.2500003576279));
#4499=CARTESIAN_POINT('',(192.925,-95.1983422778947,18.2499991655536));
#4500=CARTESIAN_POINT('Origin',(192.925,-95.1999981068076,17.1000003576279));
#4501=CARTESIAN_POINT('',(191.325,-95.1999981068076,15.9500003576279));
#4502=CARTESIAN_POINT('Origin',(191.325,-95.1999981068076,17.1000003576279));
#4503=CARTESIAN_POINT('',(192.925,-95.1999981068076,15.9500003576279));
#4504=CARTESIAN_POINT('Origin',(192.925,-86.4499981068076,15.9500003576279));
#4505=CARTESIAN_POINT('',(191.325,-86.4499981068076,15.9500003576279));
#4506=CARTESIAN_POINT('',(191.325,-78.8124990534038,15.9500003576279));
#4507=CARTESIAN_POINT('',(192.925,-86.4499981068076,15.9500003576279));
#4508=CARTESIAN_POINT('Origin',(192.925,-86.4499981068076,17.1000003576279));
#4509=CARTESIAN_POINT('Origin',(191.325,-86.4499981068076,17.1000003576279));
#4510=CARTESIAN_POINT('Origin',(192.925,-82.9499981068076,25.1500003576279));
#4511=CARTESIAN_POINT('',(191.325,-74.1999981068076,25.1500003576279));
#4512=CARTESIAN_POINT('',(191.325,-82.9499981068076,25.1500003576279));
#4513=CARTESIAN_POINT('',(191.325,-77.0624990534038,25.1500003576279));
#4514=CARTESIAN_POINT('',(192.925,-74.1999981068076,25.1500003576279));
#4515=CARTESIAN_POINT('',(192.925,-82.9499981068076,25.1500003576279));
#4516=CARTESIAN_POINT('Origin',(192.925,-82.9499981068076,24.0000003576279));
#4517=CARTESIAN_POINT('',(191.325,-82.9499981068076,22.8500003576279));
#4518=CARTESIAN_POINT('Origin',(191.325,-82.9499981068076,24.0000003576279));
#4519=CARTESIAN_POINT('',(192.925,-82.9499981068076,22.8500003576279));
#4520=CARTESIAN_POINT('Origin',(192.925,-74.1999981068076,22.8500003576279));
#4521=CARTESIAN_POINT('',(191.325,-74.1999981068076,22.8500003576279));
#4522=CARTESIAN_POINT('',(191.325,-72.6874990534038,22.8500003576279));
#4523=CARTESIAN_POINT('',(192.925,-74.1999981068076,22.8500003576279));
#4524=CARTESIAN_POINT('Origin',(192.925,-74.1999981068076,24.0000003576279));
#4525=CARTESIAN_POINT('Origin',(191.325,-74.1999981068076,24.0000003576279));
#4526=CARTESIAN_POINT('Origin',(192.925,-95.1983422778947,21.6999991655536));
#4527=CARTESIAN_POINT('',(191.325,-86.44999826351,21.7000003576279));
#4528=CARTESIAN_POINT('',(191.325,-95.1983422778947,21.6999991655536));
#4529=CARTESIAN_POINT('',(191.325,-83.1866726173994,21.7000008022979));
#4530=CARTESIAN_POINT('',(192.925,-86.44999826351,21.7000003576279));
#4531=CARTESIAN_POINT('',(192.925,-95.1983422778947,21.6999991655536));
#4532=CARTESIAN_POINT('Origin',(192.925,-95.1999981068076,20.5500003576279));
#4533=CARTESIAN_POINT('',(191.325,-95.1999981068076,19.4000003576279));
#4534=CARTESIAN_POINT('Origin',(191.325,-95.1999981068076,20.5500003576279));
#4535=CARTESIAN_POINT('',(192.925,-95.1999981068076,19.4000003576279));
#4536=CARTESIAN_POINT('Origin',(192.925,-86.4499981068076,19.4000003576279));
#4537=CARTESIAN_POINT('',(191.325,-86.4499981068076,19.4000003576279));
#4538=CARTESIAN_POINT('',(191.325,-78.8124990534038,19.4000003576279));
#4539=CARTESIAN_POINT('',(192.925,-86.4499981068076,19.4000003576279));
#4540=CARTESIAN_POINT('Origin',(192.925,-86.4499981068076,20.5500003576279));
#4541=CARTESIAN_POINT('Origin',(191.325,-86.4499981068076,20.5500003576279));
#4542=CARTESIAN_POINT('Origin',(192.925,-95.1983422778947,14.7999991655536));
#4543=CARTESIAN_POINT('',(191.325,-90.5000015256967,14.7999998057629));
#4544=CARTESIAN_POINT('',(191.325,-95.1983422778945,14.7999979732537));
#4545=CARTESIAN_POINT('',(191.325,-83.1866721472926,14.800000802298));
#4546=CARTESIAN_POINT('',(192.925,-90.5000015256967,14.7999998057629));
#4547=CARTESIAN_POINT('',(192.925,-95.1983422778945,14.7999979732537));
#4548=CARTESIAN_POINT('Origin',(192.925,-95.1999981068076,13.649999165328));
#4549=CARTESIAN_POINT('',(191.325,-95.1999981068076,12.499999165328));
#4550=CARTESIAN_POINT('Origin',(191.325,-95.1999981068076,13.649999165328));
#4551=CARTESIAN_POINT('',(192.925,-95.1999981068076,12.499999165328));
#4552=CARTESIAN_POINT('Origin',(192.925,-90.5000012122922,12.4999998057629));
#4553=CARTESIAN_POINT('',(191.325,-90.5000012122922,12.4999998057629));
#4554=CARTESIAN_POINT('',(191.325,-80.837501457789,12.5000011224026));
#4555=CARTESIAN_POINT('',(192.925,-90.5000012122922,12.4999998057629));
#4556=CARTESIAN_POINT('Origin',(192.925,-90.5000013689944,13.6499998057629));
#4557=CARTESIAN_POINT('Origin',(191.325,-90.5000013689944,13.6499998057629));
#4558=CARTESIAN_POINT('Origin',(192.925,-74.1999981068076,10.199999165328));
#4559=CARTESIAN_POINT('',(191.325,-74.1999981068076,9.04999916532796));
#4560=CARTESIAN_POINT('',(191.325,-74.2016539357207,11.3499979732537));
#4561=CARTESIAN_POINT('Origin',(191.325,-74.1999981068076,10.199999165328));
#4562=CARTESIAN_POINT('',(192.925,-74.1999981068076,9.04999916532796));
#4563=CARTESIAN_POINT('',(192.925,-74.2016539357207,11.3499979732537));
#4564=CARTESIAN_POINT('Origin',(192.925,-77.7280099368404,11.3499996460649));
#4565=CARTESIAN_POINT('',(191.325,-77.7280099368404,11.3499996460649));
#4566=CARTESIAN_POINT('',(191.325,-74.4515041951286,11.3499991995989));
#4567=CARTESIAN_POINT('',(192.925,-77.7280099368404,11.3499996460649));
#4568=CARTESIAN_POINT('Origin',(192.925,-77.7280100935427,10.1999996460649));
#4569=CARTESIAN_POINT('',(191.325,-77.7280102502449,9.04999964606493));
#4570=CARTESIAN_POINT('Origin',(191.325,-77.7280100935427,10.1999996460649));
#4571=CARTESIAN_POINT('',(192.925,-77.7280102502449,9.04999964606493));
#4572=CARTESIAN_POINT('Origin',(192.925,-74.1999981068076,9.04999916532797));
#4573=CARTESIAN_POINT('',(191.325,-72.6874984368145,9.04999895923046));
#4574=CARTESIAN_POINT('Origin',(192.925,-90.5000012122922,5.59999980576291));
#4575=CARTESIAN_POINT('',(191.325,-95.1999981068076,5.59999916532797));
#4576=CARTESIAN_POINT('',(191.325,-90.5000012122922,5.59999980576291));
#4577=CARTESIAN_POINT('',(191.325,-80.8375009876822,5.60000112240268));
#4578=CARTESIAN_POINT('',(192.925,-95.1999981068076,5.59999916532797));
#4579=CARTESIAN_POINT('',(192.925,-90.5000012122922,5.59999980576291));
#4580=CARTESIAN_POINT('Origin',(192.925,-90.5000013689944,6.7499998057629));
#4581=CARTESIAN_POINT('',(191.325,-90.5000015256967,7.89999980576289));
#4582=CARTESIAN_POINT('Origin',(191.325,-90.5000013689944,6.7499998057629));
#4583=CARTESIAN_POINT('',(192.925,-90.5000015256967,7.89999980576289));
#4584=CARTESIAN_POINT('Origin',(192.925,-95.1983422778947,7.89999916555361));
#4585=CARTESIAN_POINT('',(191.325,-95.1983422778947,7.89999916555361));
#4586=CARTESIAN_POINT('',(191.325,-83.1866716771858,7.90000080229802));
#4587=CARTESIAN_POINT('',(192.925,-95.1983422778947,7.89999916555361));
#4588=CARTESIAN_POINT('Origin',(192.925,-95.1999981068076,6.74999916532797));
#4589=CARTESIAN_POINT('Origin',(191.325,-95.1999981068076,6.74999916532797));
#4590=CARTESIAN_POINT('Origin',(192.925,-82.9499981068076,18.2500003576279));
#4591=CARTESIAN_POINT('',(191.325,-74.1999981068076,18.2500003576279));
#4592=CARTESIAN_POINT('',(191.325,-82.9499981068076,18.2500003576279));
#4593=CARTESIAN_POINT('',(191.325,-77.0624990534038,18.2500003576279));
#4594=CARTESIAN_POINT('',(192.925,-74.1999981068076,18.2500003576279));
#4595=CARTESIAN_POINT('',(192.925,-82.9499981068076,18.2500003576279));
#4596=CARTESIAN_POINT('Origin',(192.925,-82.9499981068076,17.1000003576279));
#4597=CARTESIAN_POINT('',(191.325,-82.9499981068076,15.9500003576279));
#4598=CARTESIAN_POINT('Origin',(191.325,-82.9499981068076,17.1000003576279));
#4599=CARTESIAN_POINT('',(192.925,-82.9499981068076,15.9500003576279));
#4600=CARTESIAN_POINT('Origin',(192.925,-74.1999981068076,15.9500003576279));
#4601=CARTESIAN_POINT('',(191.325,-74.1999981068076,15.9500003576279));
#4602=CARTESIAN_POINT('',(191.325,-72.6874990534038,15.9500003576279));
#4603=CARTESIAN_POINT('',(192.925,-74.1999981068076,15.9500003576279));
#4604=CARTESIAN_POINT('Origin',(192.925,-74.1999981068076,17.1000003576279));
#4605=CARTESIAN_POINT('Origin',(191.325,-74.1999981068076,17.1000003576279));
#4606=CARTESIAN_POINT('Origin',(192.925,-95.1983422778947,25.1499991655536));
#4607=CARTESIAN_POINT('',(191.325,-86.44999826351,25.1500003576279));
#4608=CARTESIAN_POINT('',(191.325,-95.1983422778947,25.1499991655536));
#4609=CARTESIAN_POINT('',(191.325,-83.1866728524528,25.1500008022979));
#4610=CARTESIAN_POINT('',(192.925,-86.44999826351,25.1500003576279));
#4611=CARTESIAN_POINT('',(192.925,-95.1983422778947,25.1499991655536));
#4612=CARTESIAN_POINT('Origin',(192.925,-95.1999981068076,24.0000003576279));
#4613=CARTESIAN_POINT('',(191.325,-95.1999981068076,22.8500003576279));
#4614=CARTESIAN_POINT('Origin',(191.325,-95.1999981068076,24.0000003576279));
#4615=CARTESIAN_POINT('',(192.925,-95.1999981068076,22.8500003576279));
#4616=CARTESIAN_POINT('Origin',(192.925,-86.4499981068076,22.8500003576279));
#4617=CARTESIAN_POINT('',(191.325,-86.4499981068076,22.8500003576279));
#4618=CARTESIAN_POINT('',(191.325,-78.8124990534038,22.8500003576279));
#4619=CARTESIAN_POINT('',(192.925,-86.4499981068076,22.8500003576279));
#4620=CARTESIAN_POINT('Origin',(192.925,-86.4499981068076,24.0000003576279));
#4621=CARTESIAN_POINT('Origin',(191.325,-86.4499981068076,24.0000003576279));
#4622=CARTESIAN_POINT('Origin',(192.925,-82.9499981068076,21.7000003576279));
#4623=CARTESIAN_POINT('',(191.325,-74.1999981068076,21.7000003576279));
#4624=CARTESIAN_POINT('',(191.325,-82.9499981068076,21.7000003576279));
#4625=CARTESIAN_POINT('',(191.325,-77.0624990534038,21.7000003576279));
#4626=CARTESIAN_POINT('',(192.925,-74.1999981068076,21.7000003576279));
#4627=CARTESIAN_POINT('',(192.925,-82.9499981068076,21.7000003576279));
#4628=CARTESIAN_POINT('Origin',(192.925,-82.9499981068076,20.5500003576279));
#4629=CARTESIAN_POINT('',(191.325,-82.9499981068076,19.4000003576279));
#4630=CARTESIAN_POINT('Origin',(191.325,-82.9499981068076,20.5500003576279));
#4631=CARTESIAN_POINT('',(192.925,-82.9499981068076,19.4000003576279));
#4632=CARTESIAN_POINT('Origin',(192.925,-74.1999981068076,19.4000003576279));
#4633=CARTESIAN_POINT('',(191.325,-74.1999981068076,19.4000003576279));
#4634=CARTESIAN_POINT('',(191.325,-72.6874990534038,19.4000003576279));
#4635=CARTESIAN_POINT('',(192.925,-74.1999981068076,19.4000003576279));
#4636=CARTESIAN_POINT('Origin',(192.925,-74.1999981068076,20.5500003576279));
#4637=CARTESIAN_POINT('Origin',(191.325,-74.1999981068076,20.5500003576279));
#4638=CARTESIAN_POINT('Origin',(192.925,-95.1983422778947,11.3499991655536));
#4639=CARTESIAN_POINT('',(191.325,-91.6719862767748,11.3499996460649));
#4640=CARTESIAN_POINT('',(191.325,-95.1983422778945,11.3499979732537));
#4641=CARTESIAN_POINT('',(191.325,-83.1866719122392,11.350000802298));
#4642=CARTESIAN_POINT('',(192.925,-91.6719862767748,11.3499996460649));
#4643=CARTESIAN_POINT('',(192.925,-95.1983422778945,11.3499979732537));
#4644=CARTESIAN_POINT('Origin',(192.925,-95.1999981068076,10.199999165328));
#4645=CARTESIAN_POINT('',(191.325,-95.1999981068076,9.04999916532797));
#4646=CARTESIAN_POINT('Origin',(191.325,-95.1999981068076,10.199999165328));
#4647=CARTESIAN_POINT('',(192.925,-95.1999981068076,9.04999916532797));
#4648=CARTESIAN_POINT('Origin',(192.925,-91.6719859633703,9.04999964606493));
#4649=CARTESIAN_POINT('',(191.325,-91.6719859633703,9.04999964606493));
#4650=CARTESIAN_POINT('',(191.325,-81.4234935982747,9.05000104255364));
#4651=CARTESIAN_POINT('',(192.925,-91.6719859633703,9.04999964606493));
#4652=CARTESIAN_POINT('Origin',(192.925,-91.6719861200726,10.1999996460649));
#4653=CARTESIAN_POINT('Origin',(191.325,-91.6719861200726,10.1999996460649));
#4654=CARTESIAN_POINT('Origin',(192.925,-74.1999981068076,6.74999916532797));
#4655=CARTESIAN_POINT('',(191.325,-74.1999981068076,5.59999916532797));
#4656=CARTESIAN_POINT('',(191.325,-74.2016539357207,7.8999979732537));
#4657=CARTESIAN_POINT('Origin',(191.325,-74.1999981068076,6.74999916532797));
#4658=CARTESIAN_POINT('',(192.925,-74.1999981068076,5.59999916532797));
#4659=CARTESIAN_POINT('',(192.925,-74.2016539357207,7.8999979732537));
#4660=CARTESIAN_POINT('Origin',(192.925,-78.8999946879185,7.89999980576289));
#4661=CARTESIAN_POINT('',(191.325,-78.8999946879185,7.89999980576289));
#4662=CARTESIAN_POINT('',(191.325,-75.0374968057211,7.89999927944793));
#4663=CARTESIAN_POINT('',(192.925,-78.8999946879185,7.89999980576289));
#4664=CARTESIAN_POINT('Origin',(192.925,-78.8999948446208,6.7499998057629));
#4665=CARTESIAN_POINT('',(191.325,-78.8999950013231,5.59999980576291));
#4666=CARTESIAN_POINT('Origin',(191.325,-78.8999948446208,6.7499998057629));
#4667=CARTESIAN_POINT('',(192.925,-78.8999950013231,5.59999980576291));
#4668=CARTESIAN_POINT('Origin',(192.925,-74.1999981068076,5.59999916532797));
#4669=CARTESIAN_POINT('',(191.325,-72.6874986718679,5.59999895923049));
#4670=CARTESIAN_POINT('Origin',(131.8,-94.9046021247646,24.3667623485141));
#4671=CARTESIAN_POINT('',(133.8,-93.4046021247646,24.3667623485141));
#4672=CARTESIAN_POINT('',(131.8,-93.4046021247646,24.3667623485141));
#4673=CARTESIAN_POINT('Origin',(133.8,-94.9046021247646,24.3667623485141));
#4674=CARTESIAN_POINT('Origin',(131.8,-74.8969998788243,24.3848666640833));
#4675=CARTESIAN_POINT('',(133.8,-73.3969998788243,24.3848666640833));
#4676=CARTESIAN_POINT('',(131.8,-73.3969998788243,24.3848666640833));
#4677=CARTESIAN_POINT('Origin',(133.8,-74.8969998788243,24.3848666640833));
#4678=CARTESIAN_POINT('Origin',(131.8,-94.9046021247646,4.36676234851406));
#4679=CARTESIAN_POINT('',(133.8,-93.4046021247646,4.36676234851406));
#4680=CARTESIAN_POINT('',(131.8,-93.4046021247646,4.36676234851406));
#4681=CARTESIAN_POINT('Origin',(133.8,-94.9046021247646,4.36676234851406));
#4682=CARTESIAN_POINT('Origin',(131.8,-85.0150397904087,14.4066743524243));
#4683=CARTESIAN_POINT('',(133.8,-73.0150397904087,14.4066743524243));
#4684=CARTESIAN_POINT('',(131.8,-73.0150397904087,14.4066743524243));
#4685=CARTESIAN_POINT('Origin',(133.8,-85.0150397904087,14.4066743524243));
#4686=CARTESIAN_POINT('Origin',(131.8,-74.9046021247646,4.36676234851406));
#4687=CARTESIAN_POINT('',(133.8,-73.4046021247646,4.36676234851406));
#4688=CARTESIAN_POINT('',(131.8,-73.4046021247646,4.36676234851406));
#4689=CARTESIAN_POINT('Origin',(133.8,-74.9046021247646,4.36676234851406));
#4690=CARTESIAN_POINT('Origin',(157.462551702202,-69.7618010886999,6.46878716741754));
#4691=CARTESIAN_POINT('',(157.462551702201,-71.175,9.4687871674175));
#4692=CARTESIAN_POINT('',(157.462551702202,-71.175,6.46878716741754));
#4693=CARTESIAN_POINT('',(157.462551702202,-71.175,3.23439358370905));
#4694=CARTESIAN_POINT('',(157.462551702201,-69.7618010886999,9.4687871674175));
#4695=CARTESIAN_POINT('',(157.462551702202,-69.7618010886999,6.46878716741754));
#4696=CARTESIAN_POINT('Origin',(155.962551702201,-69.7618010886999,6.46878716741754));
#4697=CARTESIAN_POINT('',(155.962551702202,-71.175,4.96878716741746));
#4698=CARTESIAN_POINT('Origin',(155.962551702201,-71.175,6.46878716741754));
#4699=CARTESIAN_POINT('',(155.962551702202,-69.7618010886999,4.96878716741746));
#4700=CARTESIAN_POINT('Origin',(147.242551702202,-69.7618010886999,4.96878716741752));
#4701=CARTESIAN_POINT('',(147.242551702202,-71.175,4.96878716741752));
#4702=CARTESIAN_POINT('',(140.521275851101,-71.175,4.96878716741752));
#4703=CARTESIAN_POINT('',(147.242551702202,-69.7618010886999,4.96878716741752));
#4704=CARTESIAN_POINT('Origin',(147.242551702202,-69.7618010886999,6.46878716741754));
#4705=CARTESIAN_POINT('',(145.742551702201,-71.175,6.46878716741754));
#4706=CARTESIAN_POINT('Origin',(147.242551702202,-71.175,6.46878716741754));
#4707=CARTESIAN_POINT('',(145.742551702201,-69.7618010886999,6.46878716741754));
#4708=CARTESIAN_POINT('Origin',(145.742551702202,-69.7618010886999,9.4687871674175));
#4709=CARTESIAN_POINT('',(145.742551702202,-71.175,9.4687871674175));
#4710=CARTESIAN_POINT('',(145.742551702202,-71.175,4.73439358370878));
#4711=CARTESIAN_POINT('',(145.742551702202,-69.7618010886999,9.4687871674175));
#4712=CARTESIAN_POINT('Origin',(147.242551702201,-69.7618010886999,9.4687871674175));
#4713=CARTESIAN_POINT('',(147.242551702201,-71.175,10.9687871674175));
#4714=CARTESIAN_POINT('Origin',(147.242551702201,-71.175,9.4687871674175));
#4715=CARTESIAN_POINT('',(147.242551702201,-69.7618010886999,10.9687871674175));
#4716=CARTESIAN_POINT('Origin',(155.962551702201,-69.7618010886999,10.9687871674175));
#4717=CARTESIAN_POINT('',(155.962551702201,-71.175,10.9687871674175));
#4718=CARTESIAN_POINT('',(144.881275851101,-71.175,10.9687871674175));
#4719=CARTESIAN_POINT('',(155.962551702201,-69.7618010886999,10.9687871674175));
#4720=CARTESIAN_POINT('Origin',(155.962551702201,-69.7618010886999,9.4687871674175));
#4721=CARTESIAN_POINT('Origin',(155.962551702201,-71.175,9.4687871674175));
#4722=CARTESIAN_POINT('Origin',(192.925,-108.740252547193,9.29302243229353));
#4723=CARTESIAN_POINT('',(191.325,-100.020252547193,9.29302243229352));
#4724=CARTESIAN_POINT('',(191.325,-108.740252547193,9.29302243229353));
#4725=CARTESIAN_POINT('',(191.325,-89.9576262735965,9.29302243229353));
#4726=CARTESIAN_POINT('',(192.925,-100.020252547193,9.29302243229352));
#4727=CARTESIAN_POINT('',(192.925,-108.740252547193,9.29302243229353));
#4728=CARTESIAN_POINT('Origin',(192.925,-108.740252547193,7.79302243229352));
#4729=CARTESIAN_POINT('',(191.325,-110.240252547193,7.79302243229353));
#4730=CARTESIAN_POINT('Origin',(191.325,-108.740252547193,7.79302243229352));
#4731=CARTESIAN_POINT('',(192.925,-110.240252547193,7.79302243229353));
#4732=CARTESIAN_POINT('Origin',(192.925,-110.240252547193,4.79302243229356));
#4733=CARTESIAN_POINT('',(191.325,-110.240252547193,4.79302243229356));
#4734=CARTESIAN_POINT('',(191.325,-110.240252547193,2.39651121614678));
#4735=CARTESIAN_POINT('',(192.925,-110.240252547193,4.79302243229356));
#4736=CARTESIAN_POINT('Origin',(192.925,-108.740252547193,4.79302243229357));
#4737=CARTESIAN_POINT('',(191.325,-108.740252547193,3.29302243229357));
#4738=CARTESIAN_POINT('Origin',(191.325,-108.740252547193,4.79302243229357));
#4739=CARTESIAN_POINT('',(192.925,-108.740252547193,3.29302243229357));
#4740=CARTESIAN_POINT('Origin',(192.925,-100.020252547193,3.29302243229357));
#4741=CARTESIAN_POINT('',(191.325,-100.020252547193,3.29302243229357));
#4742=CARTESIAN_POINT('',(191.325,-85.5976262735964,3.29302243229357));
#4743=CARTESIAN_POINT('',(192.925,-100.020252547193,3.29302243229357));
#4744=CARTESIAN_POINT('Origin',(192.925,-100.020252547193,4.79302243229357));
#4745=CARTESIAN_POINT('',(191.325,-98.5202525471928,4.79302243229357));
#4746=CARTESIAN_POINT('Origin',(191.325,-100.020252547193,4.79302243229357));
#4747=CARTESIAN_POINT('',(192.925,-98.5202525471928,4.79302243229357));
#4748=CARTESIAN_POINT('Origin',(192.925,-98.5202525471928,7.79302243229352));
#4749=CARTESIAN_POINT('',(191.325,-98.5202525471928,7.79302243229352));
#4750=CARTESIAN_POINT('',(191.325,-98.5202525471928,3.89651121614676));
#4751=CARTESIAN_POINT('',(192.925,-98.5202525471928,7.79302243229352));
#4752=CARTESIAN_POINT('Origin',(192.925,-100.020252547193,7.79302243229352));
#4753=CARTESIAN_POINT('Origin',(191.325,-100.020252547193,7.79302243229352));
#4754=CARTESIAN_POINT('Origin',(192.925,-84.6999981068075,9.89999977871776));
#4755=CARTESIAN_POINT('',(191.325,-88.9999981068075,9.89999977871776));
#4756=CARTESIAN_POINT('',(192.925,-88.9999981068075,9.89999977871776));
#4757=CARTESIAN_POINT('Origin',(191.325,-84.6999981068075,9.89999977871776));
#4758=CARTESIAN_POINT('Origin',(162.3625,-93.5875,0.));
#4759=CARTESIAN_POINT('',(153.917157287525,-116.,0.));
#4760=CARTESIAN_POINT('',(136.11715509929,-98.1999978117645,0.));
#4761=CARTESIAN_POINT('',(191.325,-116.,0.));
#4762=CARTESIAN_POINT('',(153.917157287525,-116.,0.));
#4763=CARTESIAN_POINT('',(191.325,-71.175,0.));
#4764=CARTESIAN_POINT('',(191.325,-116.,0.));
#4765=CARTESIAN_POINT('',(133.8,-71.175,0.));
#4766=CARTESIAN_POINT('',(191.325,-71.175,0.));
#4767=CARTESIAN_POINT('',(133.8,-71.175,0.));
#4768=CARTESIAN_POINT('',(184.25,-75.26,0.));
#4769=CARTESIAN_POINT('Origin',(187.25,-75.26,0.));
#4770=CARTESIAN_POINT('',(147.000002220273,-104.000001549721,0.));
#4771=CARTESIAN_POINT('Origin',(149.000002220273,-104.000001549721,0.));
#4772=CARTESIAN_POINT('',(176.423435410279,-90.9131291794426,0.));
#4773=CARTESIAN_POINT('Origin',(179.423435410279,-90.9131291794426,0.));
#4774=CARTESIAN_POINT('',(169.140141742885,-84.0098797147449,0.));
#4775=CARTESIAN_POINT('',(164.140141578973,-84.0098797147449,0.));
#4776=CARTESIAN_POINT('',(163.251320789486,-84.0098797147449,0.));
#4777=CARTESIAN_POINT('',(161.140141578973,-81.0098797147449,0.));
#4778=CARTESIAN_POINT('Origin',(164.140141578973,-81.0098797147449,0.));
#4779=CARTESIAN_POINT('',(161.140141578973,-77.0098795657333,0.));
#4780=CARTESIAN_POINT('',(161.140141578973,-85.2986897828667,0.));
#4781=CARTESIAN_POINT('',(164.140141578973,-74.0098795657333,0.));
#4782=CARTESIAN_POINT('Origin',(164.140141578973,-77.0098795657333,0.));
#4783=CARTESIAN_POINT('',(169.140141742885,-74.0098795657333,0.));
#4784=CARTESIAN_POINT('',(165.751320871443,-74.0098795657333,0.));
#4785=CARTESIAN_POINT('',(172.140141742885,-77.0098795657333,0.));
#4786=CARTESIAN_POINT('Origin',(169.140141742885,-77.0098795657333,0.));
#4787=CARTESIAN_POINT('',(172.140141742885,-81.0098797147449,0.));
#4788=CARTESIAN_POINT('',(172.140141742886,-87.2986898573724,0.));
#4789=CARTESIAN_POINT('Origin',(169.140141742885,-81.0098797147449,0.));
#4790=CARTESIAN_POINT('',(151.505815393442,-95.5978496265544,0.));
#4791=CARTESIAN_POINT('Origin',(154.505815393442,-95.5978496265544,0.));
#4792=CARTESIAN_POINT('',(154.714527633696,-111.966913488882,0.));
#4793=CARTESIAN_POINT('',(169.511137531942,-111.966913488882,0.));
#4794=CARTESIAN_POINT('',(165.936818765971,-111.966913488882,0.));
#4795=CARTESIAN_POINT('',(170.751137531942,-113.206913488882,0.));
#4796=CARTESIAN_POINT('Origin',(169.511137531942,-113.206913488882,0.));
#4797=CARTESIAN_POINT('',(170.751137531942,-113.8518523902,0.));
#4798=CARTESIAN_POINT('',(170.751137531942,-103.7196761951,0.));
#4799=CARTESIAN_POINT('',(169.511137531942,-115.0918523902,0.));
#4800=CARTESIAN_POINT('Origin',(169.511137531942,-113.8518523902,0.));
#4801=CARTESIAN_POINT('',(154.714527633696,-115.0918523902,0.));
#4802=CARTESIAN_POINT('',(158.538513816848,-115.0918523902,0.));
#4803=CARTESIAN_POINT('',(153.474527633696,-113.8518523902,0.));
#4804=CARTESIAN_POINT('Origin',(154.714527633696,-113.8518523902,0.));
#4805=CARTESIAN_POINT('',(153.474527633696,-113.206913488882,0.));
#4806=CARTESIAN_POINT('',(153.474527633696,-103.397206744441,0.));
#4807=CARTESIAN_POINT('Origin',(154.714527633696,-113.206913488882,0.));
#4808=CARTESIAN_POINT('',(186.375415018393,-102.588000072721,0.));
#4809=CARTESIAN_POINT('',(186.375415018393,-106.588000221733,0.));
#4810=CARTESIAN_POINT('',(186.375415018393,-100.087750110866,0.));
#4811=CARTESIAN_POINT('',(183.375415018393,-109.588000221733,0.));
#4812=CARTESIAN_POINT('Origin',(183.375415018393,-106.588000221733,0.));
#4813=CARTESIAN_POINT('',(178.37541485448,-109.588000221733,0.));
#4814=CARTESIAN_POINT('',(170.36895742724,-109.588000221733,0.));
#4815=CARTESIAN_POINT('',(175.37541485448,-106.588000221733,0.));
#4816=CARTESIAN_POINT('Origin',(178.37541485448,-106.588000221733,0.));
#4817=CARTESIAN_POINT('',(175.37541485448,-102.588000072721,0.));
#4818=CARTESIAN_POINT('',(175.37541485448,-98.0877500363604,0.));
#4819=CARTESIAN_POINT('',(178.37541485448,-99.588000072721,0.));
#4820=CARTESIAN_POINT('Origin',(178.37541485448,-102.588000072721,0.));
#4821=CARTESIAN_POINT('',(183.375415018393,-99.588000072721,0.));
#4822=CARTESIAN_POINT('',(172.868957509196,-99.588000072721,0.));
#4823=CARTESIAN_POINT('Origin',(183.375415018393,-102.588000072721,0.));
#4824=CARTESIAN_POINT('',(141.085032170803,-91.2600013783574,0.));
#4825=CARTESIAN_POINT('',(141.085032170803,-74.2400010877848,0.));
#4826=CARTESIAN_POINT('',(141.085032170803,-83.9137505438924,0.));
#4827=CARTESIAN_POINT('',(142.325032170803,-73.0000010877848,0.));
#4828=CARTESIAN_POINT('Origin',(142.325032170803,-74.2400010877848,0.));
#4829=CARTESIAN_POINT('',(143.028867099934,-73.0000010877848,0.));
#4830=CARTESIAN_POINT('',(152.695683549967,-73.0000010877849,0.));
#4831=CARTESIAN_POINT('',(144.268867099934,-74.2400010877847,0.));
#4832=CARTESIAN_POINT('Origin',(143.028867099934,-74.2400010877847,0.));
#4833=CARTESIAN_POINT('',(144.268867099934,-91.2600013783574,0.));
#4834=CARTESIAN_POINT('',(144.268867099934,-92.4237506891787,0.));
#4835=CARTESIAN_POINT('',(143.028867099934,-92.5000013783574,0.));
#4836=CARTESIAN_POINT('Origin',(143.028867099934,-91.2600013783574,0.));
#4837=CARTESIAN_POINT('',(142.325032170803,-92.5000013783574,0.));
#4838=CARTESIAN_POINT('',(152.343766085402,-92.5000013783574,0.));
#4839=CARTESIAN_POINT('Origin',(142.325032170803,-91.2600013783574,0.));
#4840=CARTESIAN_POINT('',(165.000002503395,-108.000001609325,0.));
#4841=CARTESIAN_POINT('',(160.000002339482,-108.000001609325,0.));
#4842=CARTESIAN_POINT('',(161.181251169741,-108.000001609325,0.));
#4843=CARTESIAN_POINT('',(157.000002339482,-105.000001609325,0.));
#4844=CARTESIAN_POINT('Origin',(160.000002339482,-105.000001609325,0.));
#4845=CARTESIAN_POINT('',(157.000002339482,-101.000001460314,0.));
#4846=CARTESIAN_POINT('',(157.000002339482,-97.2937507301569,0.));
#4847=CARTESIAN_POINT('',(160.000002339482,-98.0000014603138,0.));
#4848=CARTESIAN_POINT('Origin',(160.000002339482,-101.000001460314,0.));
#4849=CARTESIAN_POINT('',(165.000002503395,-98.0000014603138,0.));
#4850=CARTESIAN_POINT('',(163.681251251698,-98.0000014603138,0.));
#4851=CARTESIAN_POINT('',(168.000002503395,-101.000001460314,0.));
#4852=CARTESIAN_POINT('Origin',(165.000002503395,-101.000001460314,0.));
#4853=CARTESIAN_POINT('',(168.000002503395,-105.000001609325,0.));
#4854=CARTESIAN_POINT('',(168.000002503395,-99.2937508046626,0.));
#4855=CARTESIAN_POINT('Origin',(165.000002503395,-105.000001609325,0.));
#4856=CARTESIAN_POINT('Origin',(187.25,-75.26,0.));
#4857=CARTESIAN_POINT('',(185.65,-75.26,1.9));
#4858=CARTESIAN_POINT('Origin',(187.25,-75.26,1.9));
#4859=CARTESIAN_POINT('',(185.65,-75.26,0.));
#4860=CARTESIAN_POINT('',(185.65,-75.26,0.));
#4861=CARTESIAN_POINT('Origin',(187.25,-75.26,0.));
#4862=CARTESIAN_POINT('Origin',(187.25,-75.26,0.));
#4863=CARTESIAN_POINT('',(184.25,-75.26,1.9));
#4864=CARTESIAN_POINT('Origin',(187.25,-75.26,1.9));
#4865=CARTESIAN_POINT('',(184.25,-75.26,0.));
#4866=CARTESIAN_POINT('Origin',(187.25,-75.26,1.9));
#4867=CARTESIAN_POINT('Origin',(162.3625,-93.5875,0.));
#4868=CARTESIAN_POINT('Origin',(160.000002339482,-108.000001609325,0.));
#4869=CARTESIAN_POINT('',(165.000002503395,-108.000001609325,1.9));
#4870=CARTESIAN_POINT('',(165.000002503395,-108.000001609325,0.));
#4871=CARTESIAN_POINT('',(160.000002339482,-108.000001609325,1.9));
#4872=CARTESIAN_POINT('',(165.000002503395,-108.000001609325,1.9));
#4873=CARTESIAN_POINT('',(160.000002339482,-108.000001609325,0.));
#4874=CARTESIAN_POINT('Origin',(160.000002339482,-105.000001609325,0.));
#4875=CARTESIAN_POINT('',(157.000002339482,-105.000001609325,1.9));
#4876=CARTESIAN_POINT('Origin',(160.000002339482,-105.000001609325,1.9));
#4877=CARTESIAN_POINT('',(157.000002339482,-105.000001609325,0.));
#4878=CARTESIAN_POINT('Origin',(157.000002339482,-101.000001460314,0.));
#4879=CARTESIAN_POINT('',(157.000002339482,-101.000001460314,1.9));
#4880=CARTESIAN_POINT('',(157.000002339482,-105.000001609325,1.9));
#4881=CARTESIAN_POINT('',(157.000002339482,-101.000001460314,0.));
#4882=CARTESIAN_POINT('Origin',(160.000002339482,-101.000001460314,0.));
#4883=CARTESIAN_POINT('',(160.000002339482,-98.0000014603138,1.9));
#4884=CARTESIAN_POINT('Origin',(160.000002339482,-101.000001460314,1.9));
#4885=CARTESIAN_POINT('',(160.000002339482,-98.0000014603138,0.));
#4886=CARTESIAN_POINT('Origin',(165.000002503395,-98.0000014603138,0.));
#4887=CARTESIAN_POINT('',(165.000002503395,-98.0000014603138,1.9));
#4888=CARTESIAN_POINT('',(160.000002339482,-98.0000014603138,1.9));
#4889=CARTESIAN_POINT('',(165.000002503395,-98.0000014603138,0.));
#4890=CARTESIAN_POINT('Origin',(165.000002503395,-101.000001460314,0.));
#4891=CARTESIAN_POINT('',(168.000002503395,-101.000001460314,1.9));
#4892=CARTESIAN_POINT('Origin',(165.000002503395,-101.000001460314,1.9));
#4893=CARTESIAN_POINT('',(168.000002503395,-101.000001460314,0.));
#4894=CARTESIAN_POINT('Origin',(168.000002503395,-105.000001609325,0.));
#4895=CARTESIAN_POINT('',(168.000002503395,-105.000001609325,1.9));
#4896=CARTESIAN_POINT('',(168.000002503395,-101.000001460314,1.9));
#4897=CARTESIAN_POINT('',(168.000002503395,-105.000001609325,0.));
#4898=CARTESIAN_POINT('Origin',(165.000002503395,-105.000001609325,0.));
#4899=CARTESIAN_POINT('Origin',(165.000002503395,-105.000001609325,1.9));
#4900=CARTESIAN_POINT('Origin',(162.500002421439,-103.00000153482,1.9));
#4901=CARTESIAN_POINT('Origin',(141.085032170803,-74.2400010877848,0.));
#4902=CARTESIAN_POINT('',(141.085032170803,-91.2600013783574,1.9));
#4903=CARTESIAN_POINT('',(141.085032170803,-91.2600013783574,0.));
#4904=CARTESIAN_POINT('',(141.085032170803,-74.2400010877848,1.9));
#4905=CARTESIAN_POINT('',(141.085032170803,-74.2400010877848,1.9));
#4906=CARTESIAN_POINT('',(141.085032170803,-74.2400010877848,0.));
#4907=CARTESIAN_POINT('Origin',(142.325032170803,-74.2400010877848,0.));
#4908=CARTESIAN_POINT('',(142.325032170803,-73.0000010877848,1.9));
#4909=CARTESIAN_POINT('Origin',(142.325032170803,-74.2400010877848,1.9));
#4910=CARTESIAN_POINT('',(142.325032170803,-73.0000010877848,0.));
#4911=CARTESIAN_POINT('Origin',(143.028867099934,-73.0000010877848,0.));
#4912=CARTESIAN_POINT('',(143.028867099934,-73.0000010877848,1.9));
#4913=CARTESIAN_POINT('',(143.028867099934,-73.0000010877848,1.9));
#4914=CARTESIAN_POINT('',(143.028867099934,-73.0000010877848,0.));
#4915=CARTESIAN_POINT('Origin',(143.028867099934,-74.2400010877847,0.));
#4916=CARTESIAN_POINT('',(144.268867099934,-74.2400010877847,1.9));
#4917=CARTESIAN_POINT('Origin',(143.028867099934,-74.2400010877847,1.9));
#4918=CARTESIAN_POINT('',(144.268867099934,-74.2400010877847,0.));
#4919=CARTESIAN_POINT('Origin',(144.268867099934,-91.2600013783574,0.));
#4920=CARTESIAN_POINT('',(144.268867099934,-91.2600013783574,1.9));
#4921=CARTESIAN_POINT('',(144.268867099934,-91.2600013783574,1.9));
#4922=CARTESIAN_POINT('',(144.268867099934,-91.2600013783574,0.));
#4923=CARTESIAN_POINT('Origin',(143.028867099934,-91.2600013783574,0.));
#4924=CARTESIAN_POINT('',(143.028867099934,-92.5000013783574,1.9));
#4925=CARTESIAN_POINT('Origin',(143.028867099934,-91.2600013783574,1.9));
#4926=CARTESIAN_POINT('',(143.028867099934,-92.5000013783574,0.));
#4927=CARTESIAN_POINT('Origin',(142.325032170803,-92.5000013783574,0.));
#4928=CARTESIAN_POINT('',(142.325032170803,-92.5000013783574,1.9));
#4929=CARTESIAN_POINT('',(142.325032170803,-92.5000013783574,1.9));
#4930=CARTESIAN_POINT('',(142.325032170803,-92.5000013783574,0.));
#4931=CARTESIAN_POINT('Origin',(142.325032170803,-91.2600013783574,0.));
#4932=CARTESIAN_POINT('Origin',(142.325032170803,-91.2600013783574,1.9));
#4933=CARTESIAN_POINT('Origin',(142.676949635369,-82.7500012330711,1.9));
#4934=CARTESIAN_POINT('Origin',(186.375415018393,-106.588000221733,0.));
#4935=CARTESIAN_POINT('',(186.375415018393,-102.588000072721,1.9));
#4936=CARTESIAN_POINT('',(186.375415018393,-102.588000072721,0.));
#4937=CARTESIAN_POINT('',(186.375415018393,-106.588000221733,1.9));
#4938=CARTESIAN_POINT('',(186.375415018393,-102.588000072721,1.9));
#4939=CARTESIAN_POINT('',(186.375415018393,-106.588000221733,0.));
#4940=CARTESIAN_POINT('Origin',(183.375415018393,-106.588000221733,0.));
#4941=CARTESIAN_POINT('',(183.375415018393,-109.588000221733,1.9));
#4942=CARTESIAN_POINT('Origin',(183.375415018393,-106.588000221733,1.9));
#4943=CARTESIAN_POINT('',(183.375415018393,-109.588000221733,0.));
#4944=CARTESIAN_POINT('Origin',(178.37541485448,-109.588000221733,0.));
#4945=CARTESIAN_POINT('',(178.37541485448,-109.588000221733,1.9));
#4946=CARTESIAN_POINT('',(183.375415018393,-109.588000221733,1.9));
#4947=CARTESIAN_POINT('',(178.37541485448,-109.588000221733,0.));
#4948=CARTESIAN_POINT('Origin',(178.37541485448,-106.588000221733,0.));
#4949=CARTESIAN_POINT('',(175.37541485448,-106.588000221733,1.9));
#4950=CARTESIAN_POINT('Origin',(178.37541485448,-106.588000221733,1.9));
#4951=CARTESIAN_POINT('',(175.37541485448,-106.588000221733,0.));
#4952=CARTESIAN_POINT('Origin',(175.37541485448,-102.588000072721,0.));
#4953=CARTESIAN_POINT('',(175.37541485448,-102.588000072721,1.9));
#4954=CARTESIAN_POINT('',(175.37541485448,-106.588000221733,1.9));
#4955=CARTESIAN_POINT('',(175.37541485448,-102.588000072721,0.));
#4956=CARTESIAN_POINT('Origin',(178.37541485448,-102.588000072721,0.));
#4957=CARTESIAN_POINT('',(178.37541485448,-99.588000072721,1.9));
#4958=CARTESIAN_POINT('Origin',(178.37541485448,-102.588000072721,1.9));
#4959=CARTESIAN_POINT('',(178.37541485448,-99.588000072721,0.));
#4960=CARTESIAN_POINT('Origin',(183.375415018393,-99.588000072721,0.));
#4961=CARTESIAN_POINT('',(183.375415018393,-99.588000072721,1.9));
#4962=CARTESIAN_POINT('',(178.37541485448,-99.588000072721,1.9));
#4963=CARTESIAN_POINT('',(183.375415018393,-99.588000072721,0.));
#4964=CARTESIAN_POINT('Origin',(183.375415018393,-102.588000072721,0.));
#4965=CARTESIAN_POINT('Origin',(183.375415018393,-102.588000072721,1.9));
#4966=CARTESIAN_POINT('Origin',(180.875414936437,-104.588000147227,1.9));
#4967=CARTESIAN_POINT('Origin',(169.511137531942,-111.966913488882,0.));
#4968=CARTESIAN_POINT('',(154.714527633696,-111.966913488882,1.9));
#4969=CARTESIAN_POINT('',(154.714527633696,-111.966913488882,0.));
#4970=CARTESIAN_POINT('',(169.511137531942,-111.966913488882,1.9));
#4971=CARTESIAN_POINT('',(169.511137531942,-111.966913488882,1.9));
#4972=CARTESIAN_POINT('',(169.511137531942,-111.966913488882,0.));
#4973=CARTESIAN_POINT('Origin',(169.511137531942,-113.206913488882,0.));
#4974=CARTESIAN_POINT('',(170.751137531942,-113.206913488882,1.9));
#4975=CARTESIAN_POINT('Origin',(169.511137531942,-113.206913488882,1.9));
#4976=CARTESIAN_POINT('',(170.751137531942,-113.206913488882,0.));
#4977=CARTESIAN_POINT('Origin',(170.751137531942,-113.8518523902,0.));
#4978=CARTESIAN_POINT('',(170.751137531942,-113.8518523902,1.9));
#4979=CARTESIAN_POINT('',(170.751137531942,-113.8518523902,1.9));
#4980=CARTESIAN_POINT('',(170.751137531942,-113.8518523902,0.));
#4981=CARTESIAN_POINT('Origin',(169.511137531942,-113.8518523902,0.));
#4982=CARTESIAN_POINT('',(169.511137531942,-115.0918523902,1.9));
#4983=CARTESIAN_POINT('Origin',(169.511137531942,-113.8518523902,1.9));
#4984=CARTESIAN_POINT('',(169.511137531942,-115.0918523902,0.));
#4985=CARTESIAN_POINT('Origin',(154.714527633696,-115.0918523902,0.));
#4986=CARTESIAN_POINT('',(154.714527633696,-115.0918523902,1.9));
#4987=CARTESIAN_POINT('',(154.714527633696,-115.0918523902,1.9));
#4988=CARTESIAN_POINT('',(154.714527633696,-115.0918523902,0.));
#4989=CARTESIAN_POINT('Origin',(154.714527633696,-113.8518523902,0.));
#4990=CARTESIAN_POINT('',(153.474527633696,-113.8518523902,1.9));
#4991=CARTESIAN_POINT('Origin',(154.714527633696,-113.8518523902,1.9));
#4992=CARTESIAN_POINT('',(153.474527633696,-113.8518523902,0.));
#4993=CARTESIAN_POINT('Origin',(153.474527633696,-113.206913488882,0.));
#4994=CARTESIAN_POINT('',(153.474527633696,-113.206913488882,1.9));
#4995=CARTESIAN_POINT('',(153.474527633696,-113.206913488882,1.9));
#4996=CARTESIAN_POINT('',(153.474527633696,-113.206913488882,0.));
#4997=CARTESIAN_POINT('Origin',(154.714527633696,-113.206913488882,0.));
#4998=CARTESIAN_POINT('Origin',(154.714527633696,-113.206913488882,1.9));
#4999=CARTESIAN_POINT('Origin',(162.112832582819,-113.529382939541,1.9));
#5000=CARTESIAN_POINT('Origin',(154.505815393442,-95.5978496265544,0.));
#5001=CARTESIAN_POINT('',(151.505815393442,-95.5978496265544,1.9));
#5002=CARTESIAN_POINT('Origin',(154.505815393442,-95.5978496265544,1.9));
#5003=CARTESIAN_POINT('',(151.505815393442,-95.5978496265544,0.));
#5004=CARTESIAN_POINT('Origin',(154.505815393442,-95.5978496265544,1.9));
#5005=CARTESIAN_POINT('Origin',(164.140141578973,-84.0098797147449,0.));
#5006=CARTESIAN_POINT('',(169.140141742885,-84.0098797147449,1.9));
#5007=CARTESIAN_POINT('',(169.140141742885,-84.0098797147449,0.));
#5008=CARTESIAN_POINT('',(164.140141578973,-84.0098797147449,1.9));
#5009=CARTESIAN_POINT('',(169.140141742885,-84.0098797147449,1.9));
#5010=CARTESIAN_POINT('',(164.140141578973,-84.0098797147449,0.));
#5011=CARTESIAN_POINT('Origin',(164.140141578973,-81.0098797147449,0.));
#5012=CARTESIAN_POINT('',(161.140141578973,-81.0098797147449,1.9));
#5013=CARTESIAN_POINT('Origin',(164.140141578973,-81.0098797147449,1.9));
#5014=CARTESIAN_POINT('',(161.140141578973,-81.0098797147449,0.));
#5015=CARTESIAN_POINT('Origin',(161.140141578973,-77.0098795657333,0.));
#5016=CARTESIAN_POINT('',(161.140141578973,-77.0098795657333,1.9));
#5017=CARTESIAN_POINT('',(161.140141578973,-81.0098797147449,1.9));
#5018=CARTESIAN_POINT('',(161.140141578973,-77.0098795657333,0.));
#5019=CARTESIAN_POINT('Origin',(164.140141578973,-77.0098795657333,0.));
#5020=CARTESIAN_POINT('',(164.140141578973,-74.0098795657333,1.9));
#5021=CARTESIAN_POINT('Origin',(164.140141578973,-77.0098795657333,1.9));
#5022=CARTESIAN_POINT('',(164.140141578973,-74.0098795657333,0.));
#5023=CARTESIAN_POINT('Origin',(169.140141742885,-74.0098795657333,0.));
#5024=CARTESIAN_POINT('',(169.140141742885,-74.0098795657333,1.9));
#5025=CARTESIAN_POINT('',(164.140141578973,-74.0098795657333,1.9));
#5026=CARTESIAN_POINT('',(169.140141742885,-74.0098795657333,0.));
#5027=CARTESIAN_POINT('Origin',(169.140141742885,-77.0098795657333,0.));
#5028=CARTESIAN_POINT('',(172.140141742885,-77.0098795657333,1.9));
#5029=CARTESIAN_POINT('Origin',(169.140141742885,-77.0098795657333,1.9));
#5030=CARTESIAN_POINT('',(172.140141742885,-77.0098795657333,0.));
#5031=CARTESIAN_POINT('Origin',(172.140141742885,-81.0098797147449,0.));
#5032=CARTESIAN_POINT('',(172.140141742885,-81.0098797147449,1.9));
#5033=CARTESIAN_POINT('',(172.140141742885,-77.0098795657333,1.9));
#5034=CARTESIAN_POINT('',(172.140141742885,-81.0098797147449,0.));
#5035=CARTESIAN_POINT('Origin',(169.140141742885,-81.0098797147449,0.));
#5036=CARTESIAN_POINT('Origin',(169.140141742885,-81.0098797147449,1.9));
#5037=CARTESIAN_POINT('Origin',(166.640141660929,-79.0098796402391,1.9));
#5038=CARTESIAN_POINT('Origin',(179.423435410279,-90.9131291794426,0.));
#5039=CARTESIAN_POINT('',(176.423435410279,-90.9131291794426,1.9));
#5040=CARTESIAN_POINT('Origin',(179.423435410279,-90.9131291794426,1.9));
#5041=CARTESIAN_POINT('',(176.423435410279,-90.9131291794426,0.));
#5042=CARTESIAN_POINT('Origin',(179.423435410279,-90.9131291794426,1.9));
#5043=CARTESIAN_POINT('Origin',(149.000002220273,-104.000001549721,0.));
#5044=CARTESIAN_POINT('',(147.000002220273,-104.000001549721,1.9));
#5045=CARTESIAN_POINT('Origin',(149.000002220273,-104.000001549721,1.9));
#5046=CARTESIAN_POINT('',(147.000002220273,-104.000001549721,0.));
#5047=CARTESIAN_POINT('Origin',(149.000002220273,-104.000001549721,1.9));
#5048=CARTESIAN_POINT('Origin',(153.917157287525,-116.,0.));
#5049=CARTESIAN_POINT('',(153.917157287525,-116.,27.5));
#5050=CARTESIAN_POINT('',(136.11715509929,-98.1999978117645,27.5));
#5051=CARTESIAN_POINT('',(153.917157287525,-116.,0.));
#5052=CARTESIAN_POINT('Origin',(191.325,-116.,0.));
#5053=CARTESIAN_POINT('',(191.325,-116.,27.5));
#5054=CARTESIAN_POINT('',(153.917157287525,-116.,27.5));
#5055=CARTESIAN_POINT('',(191.325,-116.,0.));
#5056=CARTESIAN_POINT('Origin',(191.325,-71.175,0.));
#5057=CARTESIAN_POINT('',(191.325,-71.175,27.5));
#5058=CARTESIAN_POINT('',(191.325,-116.,27.5));
#5059=CARTESIAN_POINT('',(191.325,-71.175,0.));
#5060=CARTESIAN_POINT('Origin',(133.8,-71.175,0.));
#5061=CARTESIAN_POINT('',(133.8,-71.175,27.5));
#5062=CARTESIAN_POINT('',(191.325,-71.175,27.5));
#5063=CARTESIAN_POINT('',(133.8,-71.175,0.));
#5064=CARTESIAN_POINT('Origin',(133.8,-98.1999978117645,0.));
#5065=CARTESIAN_POINT('',(133.8,-71.175,27.5));
#5066=CARTESIAN_POINT('Origin',(162.3625,-93.5875,27.5));
#5067=UNCERTAINTY_MEASURE_WITH_UNIT(LENGTH_MEASURE(0.01),#5071,
'DISTANCE_ACCURACY_VALUE',
'Maximum model space distance between geometric entities at asserted c
onnectivities');
#5068=UNCERTAINTY_MEASURE_WITH_UNIT(LENGTH_MEASURE(0.01),#5071,
'DISTANCE_ACCURACY_VALUE',
'Maximum model space distance between geometric entities at asserted c
onnectivities');
#5069=(
GEOMETRIC_REPRESENTATION_CONTEXT(3)
GLOBAL_UNCERTAINTY_ASSIGNED_CONTEXT((#5067))
GLOBAL_UNIT_ASSIGNED_CONTEXT((#5071,#5072,#5073))
REPRESENTATION_CONTEXT('','3D')
);
#5070=(
GEOMETRIC_REPRESENTATION_CONTEXT(3)
GLOBAL_UNCERTAINTY_ASSIGNED_CONTEXT((#5068))
GLOBAL_UNIT_ASSIGNED_CONTEXT((#5071,#5072,#5073))
REPRESENTATION_CONTEXT('','3D')
);
#5071=(
LENGTH_UNIT()
NAMED_UNIT(*)
SI_UNIT(.MILLI.,.METRE.)
);
#5072=(
NAMED_UNIT(*)
PLANE_ANGLE_UNIT()
SI_UNIT($,.RADIAN.)
);
#5073=(
NAMED_UNIT(*)
SI_UNIT($,.STERADIAN.)
SOLID_ANGLE_UNIT()
);
#5074=SHAPE_DEFINITION_REPRESENTATION(#5075,#5076);
#5075=PRODUCT_DEFINITION_SHAPE('',$,#5078);
#5076=SHAPE_REPRESENTATION('',(#3009),#5069);
#5077=PRODUCT_DEFINITION_CONTEXT('part definition',#5082,'design');
#5078=PRODUCT_DEFINITION('PCB PD65W charger case',
'PCB PD65W charger case v7',#5079,#5077);
#5079=PRODUCT_DEFINITION_FORMATION('',$,#5084);
#5080=PRODUCT_RELATED_PRODUCT_CATEGORY('PCB PD65W charger case v7',
'PCB PD65W charger case v7',(#5084));
#5081=APPLICATION_PROTOCOL_DEFINITION('international standard',
'automotive_design',2009,#5082);
#5082=APPLICATION_CONTEXT(
'Core Data for Automotive Mechanical Design Process');
#5083=PRODUCT_CONTEXT('part definition',#5082,'mechanical');
#5084=PRODUCT('PCB PD65W charger case','PCB PD65W charger case v7',$,(#5083));
#5085=PRESENTATION_STYLE_ASSIGNMENT((#5087));
#5086=PRESENTATION_STYLE_ASSIGNMENT((#5088));
#5087=SURFACE_STYLE_USAGE(.BOTH.,#5089);
#5088=SURFACE_STYLE_USAGE(.BOTH.,#5090);
#5089=SURFACE_SIDE_STYLE('',(#5091));
#5090=SURFACE_SIDE_STYLE('',(#5092));
#5091=SURFACE_STYLE_FILL_AREA(#5093);
#5092=SURFACE_STYLE_FILL_AREA(#5094);
#5093=FILL_AREA_STYLE('Steel - Satin',(#5095));
#5094=FILL_AREA_STYLE('Plastic - Matte (Green)',(#5096));
#5095=FILL_AREA_STYLE_COLOUR('Steel - Satin',#5097);
#5096=FILL_AREA_STYLE_COLOUR('Plastic - Matte (Green)',#5098);
#5097=COLOUR_RGB('Steel - Satin',0.627450980392157,0.627450980392157,0.627450980392157);
#5098=COLOUR_RGB('Plastic - Matte (Green)',0.266666666666667,0.588235294117647,
0.282352941176471);
ENDSEC;
END-ISO-10303-21;
